VDiode! (V),Current (A)
-0.751025485,-0.004215374
-0.751025485,-0.004211736
-0.751025485,-0.004208099
-0.751025485,-0.004208099
-0.751025485,-0.004204461
-0.751025485,-0.004204461
-0.751025485,-0.004200823
-0.750692512,-0.004197185
-0.750692512,-0.004197185
-0.750692512,-0.004193547
-0.750692512,-0.004189909
-0.750692512,-0.004186271
-0.750692512,-0.004186271
-0.750692512,-0.004182633
-0.75035954,-0.004178995
-0.75035954,-0.004178995
-0.75035954,-0.004175357
-0.75035954,-0.00417172
-0.750026567,-0.00417172
-0.750026567,-0.004168082
-0.750026567,-0.004168082
-0.750026567,-0.004164444
-0.749693594,-0.004160806
-0.749693594,-0.004160806
-0.749693594,-0.004157168
-0.749360622,-0.00415353
-0.749360622,-0.004149892
-0.749360622,-0.004149892
-0.749360622,-0.004146254
-0.749360622,-0.004142616
-0.749360622,-0.004142616
-0.749360622,-0.004138979
-0.749027649,-0.004135341
-0.749027649,-0.004135341
-0.749027649,-0.004131703
-0.748694677,-0.004128065
-0.749027649,-0.004124427
-0.748694677,-0.004124427
-0.748694677,-0.004120789
-0.748694677,-0.004120789
-0.748361704,-0.004117151
-0.748361704,-0.004113513
-0.748361704,-0.004113513
-0.748361704,-0.004109875
-0.748361704,-0.004106238
-0.748361704,-0.004106238
-0.748028731,-0.0041026
-0.748028731,-0.004098962
-0.748028731,-0.004098962
-0.748028731,-0.004095324
-0.748028731,-0.004091686
-0.748028731,-0.004091686
-0.747695759,-0.004088048
-0.747695759,-0.00408441
-0.747695759,-0.00408441
-0.747695759,-0.004080772
-0.747695759,-0.004077134
-0.747362786,-0.004077134
-0.747362786,-0.004073496
-0.747029813,-0.004069859
-0.747029813,-0.004069859
-0.747029813,-0.004066221
-0.747029813,-0.004062583
-0.746696841,-0.004062583
-0.746696841,-0.004058945
-0.746696841,-0.004058945
-0.746696841,-0.004055307
-0.746696841,-0.004051669
-0.746696841,-0.004051669
-0.746363868,-0.004048031
-0.746363868,-0.004044393
-0.746363868,-0.004040755
-0.746363868,-0.004040755
-0.746363868,-0.004037118
-0.746030896,-0.00403348
-0.746030896,-0.00403348
-0.746030896,-0.004029842
-0.746030896,-0.004026204
-0.745697923,-0.004026204
-0.745697923,-0.004022566
-0.745697923,-0.004022566
-0.745697923,-0.004018928
-0.745697923,-0.00401529
-0.74536495,-0.00401529
-0.74536495,-0.004011652
-0.74536495,-0.004008014
-0.74536495,-0.004008014
-0.74536495,-0.004004376
-0.745031978,-0.004000739
-0.745031978,-0.003997101
-0.745031978,-0.003997101
-0.745031978,-0.003993463
-0.745031978,-0.003993463
-0.745031978,-0.003989825
-0.744699005,-0.003986187
-0.744699005,-0.003986187
-0.744699005,-0.003982549
-0.744699005,-0.003978911
-0.744366033,-0.003978911
-0.744366033,-0.003975273
-0.744366033,-0.003971635
-0.744366033,-0.003971635
-0.744366033,-0.003967998
-0.74403306,-0.00396436
-0.74403306,-0.003960722
-0.74403306,-0.003960722
-0.74403306,-0.003957084
-0.74403306,-0.003957084
-0.74403306,-0.003953446
-0.743700087,-0.003949808
-0.743700087,-0.003949808
-0.743700087,-0.00394617
-0.743367115,-0.003942532
-0.743367115,-0.003942532
-0.743367115,-0.003938894
-0.743367115,-0.003935257
-0.743367115,-0.003935257
-0.743034142,-0.003931619
-0.743034142,-0.003927981
-0.743034142,-0.003927981
-0.74270117,-0.003924343
-0.74270117,-0.003920705
-0.74270117,-0.003917067
-0.74270117,-0.003917067
-0.74270117,-0.003913429
-0.74270117,-0.003913429
-0.742368197,-0.003909791
-0.742368197,-0.003906153
-0.742368197,-0.003906153
-0.742035224,-0.003902515
-0.742035224,-0.003902515
-0.742035224,-0.003898878
-0.742035224,-0.00389524
-0.742035224,-0.003891602
-0.741702252,-0.003891602
-0.741702252,-0.003887964
-0.741702252,-0.003884326
-0.741369279,-0.003884326
-0.741369279,-0.003880688
-0.741369279,-0.00387705
-0.741369279,-0.00387705
-0.741369279,-0.003873412
-0.741369279,-0.003869774
-0.741369279,-0.003869774
-0.741369279,-0.003866137
-0.741036306,-0.003862499
-0.741036306,-0.003862499
-0.741036306,-0.003858861
-0.741036306,-0.003855223
-0.741036306,-0.003855223
-0.740703334,-0.003851585
-0.740703334,-0.003847947
-0.740703334,-0.003847947
-0.740370361,-0.003844309
-0.740370361,-0.003840671
-0.740370361,-0.003840671
-0.740370361,-0.003837033
-0.740037389,-0.003833396
-0.740037389,-0.003833396
-0.740037389,-0.003829758
-0.740037389,-0.00382612
-0.740037389,-0.00382612
-0.739704416,-0.003822482
-0.739704416,-0.003818844
-0.739704416,-0.003818844
-0.739704416,-0.003815206
-0.739371443,-0.003815206
-0.739371443,-0.003811568
-0.739371443,-0.00380793
-0.739371443,-0.00380793
-0.739038471,-0.003804292
-0.739038471,-0.003800654
-0.739038471,-0.003800654
-0.739038471,-0.003797017
-0.739038471,-0.003797017
-0.739038471,-0.003793379
-0.738705498,-0.003789741
-0.738705498,-0.003786103
-0.738372526,-0.003786103
-0.738372526,-0.003782465
-0.738372526,-0.003782465
-0.738372526,-0.003778827
-0.738372526,-0.003775189
-0.738372526,-0.003775189
-0.738372526,-0.003771551
-0.738372526,-0.003771551
-0.738372526,-0.003767913
-0.738039553,-0.003764276
-0.738039553,-0.003764276
-0.738039553,-0.003760638
-0.738039553,-0.003757
-0.73770658,-0.003757
-0.73770658,-0.003753362
-0.73770658,-0.003749724
-0.73770658,-0.003746086
-0.737373608,-0.003746086
-0.737373608,-0.003742448
-0.737373608,-0.00373881
-0.737373608,-0.00373881
-0.737373608,-0.003735172
-0.737373608,-0.003735172
-0.737040635,-0.003731535
-0.737040635,-0.003727897
-0.737040635,-0.003727897
-0.737040635,-0.003724259
-0.736707662,-0.003720621
-0.736707662,-0.003716983
-0.736707662,-0.003716983
-0.736707662,-0.003713345
-0.73637469,-0.003713345
-0.73637469,-0.003709707
-0.73637469,-0.003706069
-0.73637469,-0.003706069
-0.73637469,-0.003702431
-0.736041717,-0.003702431
-0.736041717,-0.003698793
-0.736041717,-0.003695156
-0.735708745,-0.003691518
-0.735708745,-0.003691518
-0.735708745,-0.00368788
-0.735708745,-0.003684242
-0.735375772,-0.003684242
-0.735375772,-0.003680604
-0.735375772,-0.003680604
-0.735375772,-0.003676966
-0.735375772,-0.003673328
-0.735375772,-0.00366969
-0.735375772,-0.00366969
-0.735042799,-0.003666052
-0.735042799,-0.003662415
-0.734709827,-0.003662415
-0.734709827,-0.003658777
-0.734709827,-0.003658777
-0.734709827,-0.003655139
-0.734709827,-0.003651501
-0.734376854,-0.003647863
-0.734376854,-0.003647863
-0.734376854,-0.003644225
-0.734376854,-0.003640587
-0.734376854,-0.003640587
-0.734043882,-0.003636949
-0.734043882,-0.003633311
-0.734043882,-0.003633311
-0.734043882,-0.003629673
-0.733710909,-0.003626036
-0.733710909,-0.003626036
-0.733710909,-0.003622398
-0.733710909,-0.00361876
-0.733377936,-0.00361876
-0.733710909,-0.003615122
-0.733377936,-0.003611484
-0.733377936,-0.003611484
-0.733377936,-0.003607846
-0.733044964,-0.003604208
-0.733044964,-0.003604208
-0.733044964,-0.00360057
-0.733044964,-0.003596932
-0.732711991,-0.003596932
-0.733044964,-0.003593295
-0.732711991,-0.003589657
-0.732711991,-0.003589657
-0.732711991,-0.003586019
-0.732379019,-0.003582381
-0.732379019,-0.003582381
-0.732379019,-0.003578743
-0.732379019,-0.003575105
-0.732379019,-0.003571467
-0.732046046,-0.003571467
-0.732046046,-0.003567829
-0.732046046,-0.003567829
-0.732046046,-0.003564191
-0.731713073,-0.003560554
-0.731713073,-0.003560554
-0.731713073,-0.003556916
-0.731380101,-0.003556916
-0.731380101,-0.003553278
-0.731380101,-0.00354964
-0.731380101,-0.003546002
-0.731380101,-0.003546002
-0.731047128,-0.003542364
-0.731047128,-0.003542364
-0.731047128,-0.003538726
-0.731047128,-0.003535088
-0.731047128,-0.003535088
-0.731047128,-0.00353145
-0.730714155,-0.00353145
-0.730381183,-0.003527812
-0.730714155,-0.003524175
-0.730381183,-0.003520537
-0.730381183,-0.003520537
-0.730381183,-0.003516899
-0.730381183,-0.003516899
-0.73004821,-0.003513261
-0.730381183,-0.003509623
-0.73004821,-0.003505985
-0.73004821,-0.003505985
-0.729715238,-0.003502347
-0.729715238,-0.003498709
-0.729715238,-0.003498709
-0.729715238,-0.003495071
-0.729382265,-0.003491434
-0.729382265,-0.003491434
-0.729382265,-0.003487796
-0.729382265,-0.003484158
-0.729049292,-0.003484158
-0.729049292,-0.00348052
-0.729049292,-0.003476882
-0.729049292,-0.003476882
-0.72871632,-0.003473244
-0.72871632,-0.003469606
-0.72871632,-0.003469606
-0.72871632,-0.003465968
-0.72871632,-0.00346233
-0.728383347,-0.003458693
-0.72871632,-0.003458693
-0.728383347,-0.003455055
-0.728383347,-0.003455055
-0.728383347,-0.003451417
-0.728050375,-0.003447779
-0.728050375,-0.003447779
-0.728050375,-0.003444141
-0.727717402,-0.003440503
-0.727717402,-0.003440503
-0.727717402,-0.003436865
-0.727717402,-0.003433227
-0.727384429,-0.003429589
-0.727384429,-0.003429589
-0.727384429,-0.003425951
-0.727051457,-0.003422314
-0.727051457,-0.003422314
-0.727051457,-0.003418676
-0.727051457,-0.003415038
-0.727051457,-0.003415038
-0.726718484,-0.0034114
-0.726718484,-0.0034114
-0.726718484,-0.003407762
-0.726718484,-0.003404124
-0.726385511,-0.003404124
-0.726385511,-0.003400486
-0.726385511,-0.003396848
-0.726385511,-0.003396848
-0.726385511,-0.00339321
-0.726052539,-0.003389573
-0.726052539,-0.003389573
-0.726052539,-0.003385935
-0.726052539,-0.003382297
-0.726052539,-0.003382297
-0.725719566,-0.003378659
-0.725719566,-0.003375021
-0.725719566,-0.003375021
-0.725719566,-0.003371383
-0.725719566,-0.003371383
-0.725719566,-0.003367745
-0.725386594,-0.003364107
-0.725053621,-0.003364107
-0.725053621,-0.003360469
-0.725053621,-0.003356832
-0.725053621,-0.003353194
-0.725053621,-0.003353194
-0.725053621,-0.003349556
-0.724720648,-0.003349556
-0.724720648,-0.003345918
-0.724720648,-0.00334228
-0.724387676,-0.00334228
-0.724387676,-0.003338642
-0.724387676,-0.003338642
-0.724387676,-0.003335004
-0.724387676,-0.003331366
-0.724387676,-0.003331366
-0.724054703,-0.003327728
-0.724054703,-0.00332409
-0.724054703,-0.003320453
-0.724054703,-0.003320453
-0.724054703,-0.003316815
-0.723721731,-0.003316815
-0.723721731,-0.003313177
-0.723721731,-0.003309539
-0.723721731,-0.003309539
-0.723388758,-0.003305901
-0.723388758,-0.003302263
-0.723388758,-0.003302263
-0.723055785,-0.003298625
-0.723055785,-0.003294987
-0.723055785,-0.003294987
-0.723055785,-0.003291349
-0.722722813,-0.003287712
-0.723055785,-0.003287712
-0.722722813,-0.003284074
-0.722722813,-0.003280436
-0.722722813,-0.003280436
-0.722722813,-0.003276798
-0.72238984,-0.00327316
-0.72238984,-0.00327316
-0.72238984,-0.003269522
-0.72238984,-0.003265884
-0.722056868,-0.003265884
-0.722056868,-0.003262246
-0.722056868,-0.003258608
-0.722056868,-0.00325497
-0.722056868,-0.00325497
-0.721723895,-0.003251333
-0.721723895,-0.003251333
-0.721390922,-0.003247695
-0.721390922,-0.003244057
-0.721390922,-0.003244057
-0.72105795,-0.003240419
-0.721390922,-0.003236781
-0.72105795,-0.003233143
-0.72105795,-0.003233143
-0.72105795,-0.003229505
-0.720724977,-0.003229505
-0.720724977,-0.003225867
-0.720724977,-0.003222229
-0.720724977,-0.003218592
-0.720724977,-0.003218592
-0.720724977,-0.003214954
-0.720392004,-0.003214954
-0.720392004,-0.003211316
-0.720059032,-0.003211316
-0.720059032,-0.003207678
-0.720059032,-0.00320404
-0.720059032,-0.00320404
-0.720059032,-0.003200402
-0.719726059,-0.003196764
-0.719726059,-0.003196764
-0.719726059,-0.003193126
-0.719393087,-0.003189488
-0.719393087,-0.003189488
-0.719393087,-0.003185851
-0.719393087,-0.003182213
-0.719393087,-0.003182213
-0.719060114,-0.003178575
-0.719060114,-0.003174937
-0.719060114,-0.003171299
-0.719060114,-0.003171299
-0.719060114,-0.003167661
-0.718727141,-0.003167661
-0.718727141,-0.003164023
-0.718727141,-0.003164023
-0.718727141,-0.003160385
-0.718394169,-0.003156747
-0.718394169,-0.003153109
-0.718394169,-0.003153109
-0.718394169,-0.003149472
-0.718394169,-0.003145834
-0.718061196,-0.003145834
-0.718061196,-0.003142196
-0.718061196,-0.003138558
-0.718061196,-0.003138558
-0.717728224,-0.00313492
-0.717728224,-0.00313492
-0.717395251,-0.003131282
-0.717395251,-0.003127644
-0.717395251,-0.003124006
-0.717395251,-0.003124006
-0.717062278,-0.003120368
-0.717062278,-0.003116731
-0.717062278,-0.003116731
-0.717062278,-0.003113093
-0.716729306,-0.003109455
-0.716729306,-0.003109455
-0.716729306,-0.003105817
-0.716729306,-0.003105817
-0.716396333,-0.003102179
-0.716396333,-0.003098541
-0.716396333,-0.003098541
-0.716396333,-0.003094903
-0.71606336,-0.003091265
-0.71606336,-0.003091265
-0.71606336,-0.003087627
-0.71606336,-0.003087627
-0.715730388,-0.00308399
-0.715730388,-0.003080352
-0.715730388,-0.003080352
-0.715730388,-0.003073076
-0.715730388,-0.003073076
-0.715397415,-0.003069438
-0.715397415,-0.0030658
-0.715064443,-0.0030658
-0.715064443,-0.003062162
-0.715064443,-0.003062162
-0.715064443,-0.003058524
-0.715064443,-0.003054886
-0.715064443,-0.003054886
-0.71473147,-0.003051248
-0.71473147,-0.003047611
-0.71473147,-0.003047611
-0.714398497,-0.003043973
-0.714398497,-0.003040335
-0.714398497,-0.003040335
-0.714398497,-0.003036697
-0.714398497,-0.003036697
-0.714065525,-0.003033059
-0.714065525,-0.003029421
-0.714065525,-0.003025783
-0.714065525,-0.003025783
-0.713732552,-0.003022145
-0.713732552,-0.003018507
-0.713732552,-0.003018507
-0.713732552,-0.00301487
-0.71339958,-0.00301487
-0.71339958,-0.003011232
-0.71339958,-0.003007594
-0.71339958,-0.003003956
-0.71339958,-0.003003956
-0.713066607,-0.003000318
-0.713066607,-0.00299668
-0.713066607,-0.00299668
-0.712733634,-0.002993042
-0.712733634,-0.002993042
-0.712733634,-0.002989404
-0.712733634,-0.002985766
-0.712733634,-0.002982129
-0.712733634,-0.002982129
-0.712400662,-0.002978491
-0.712400662,-0.002978491
-0.712067689,-0.002974853
-0.712067689,-0.002971215
-0.712067689,-0.002971215
-0.712067689,-0.002967577
-0.711734717,-0.002963939
-0.711734717,-0.002963939
-0.711734717,-0.002960301
-0.711734717,-0.002956663
-0.711734717,-0.002956663
-0.711401744,-0.002953025
-0.711401744,-0.002949387
-0.711401744,-0.002949387
-0.711068771,-0.00294575
-0.711068771,-0.002942112
-0.711068771,-0.002942112
-0.711068771,-0.002938474
-0.710735799,-0.002934836
-0.710735799,-0.002934836
-0.710735799,-0.002931198
-0.710735799,-0.00292756
-0.710735799,-0.00292756
-0.710402826,-0.002923922
-0.710402826,-0.002920284
-0.710402826,-0.002920284
-0.710402826,-0.002916646
-0.710069853,-0.002913009
-0.710069853,-0.002909371
-0.710069853,-0.002909371
-0.710069853,-0.002905733
-0.709736881,-0.002902095
-0.709736881,-0.002902095
-0.709736881,-0.002898457
-0.709403908,-0.002894819
-0.709403908,-0.002894819
-0.709070936,-0.002891181
-0.709070936,-0.002891181
-0.709070936,-0.002887543
-0.709070936,-0.002883905
-0.709070936,-0.002880267
-0.708737963,-0.002880267
-0.708737963,-0.00287663
-0.708737963,-0.002872992
-0.70840499,-0.002872992
-0.70840499,-0.002869354
-0.70840499,-0.002869354
-0.70840499,-0.002865716
-0.70840499,-0.002865716
-0.708072018,-0.002862078
-0.708072018,-0.00285844
-0.708072018,-0.00285844
-0.708072018,-0.002854802
-0.707739045,-0.002851164
-0.707739045,-0.002847526
-0.707739045,-0.002847526
-0.707406073,-0.002843889
-0.707406073,-0.002843889
-0.707406073,-0.002840251
-0.7070731,-0.002836613
-0.7070731,-0.002836613
-0.7070731,-0.002832975
-0.7070731,-0.002829337
-0.7070731,-0.002829337
-0.706740127,-0.002825699
-0.706740127,-0.002822061
-0.706740127,-0.002822061
-0.706740127,-0.002818423
-0.706407155,-0.002814785
-0.706407155,-0.002814785
-0.706407155,-0.002811148
-0.706407155,-0.002811148
-0.706074182,-0.00280751
-0.706074182,-0.002803872
-0.706074182,-0.002800234
-0.706074182,-0.002800234
-0.705741209,-0.002796596
-0.705741209,-0.002796596
-0.705741209,-0.002792958
-0.705741209,-0.00278932
-0.705408237,-0.00278932
-0.705408237,-0.002785682
-0.705408237,-0.002782044
-0.705075264,-0.002778406
-0.704742292,-0.002774769
-0.704742292,-0.002774769
-0.704742292,-0.002771131
-0.704742292,-0.002767493
-0.704409319,-0.002767493
-0.704409319,-0.002763855
-0.704409319,-0.002760217
-0.704409319,-0.002760217
-0.704076346,-0.002756579
-0.704076346,-0.002756579
-0.704076346,-0.002752941
-0.704076346,-0.002749303
-0.703743374,-0.002745665
-0.703743374,-0.002745665
-0.703743374,-0.002742028
-0.703743374,-0.00273839
-0.703410401,-0.00273839
-0.703410401,-0.002734752
-0.703410401,-0.002731114
-0.703077429,-0.002731114
-0.703077429,-0.002727476
-0.703077429,-0.002723838
-0.703077429,-0.0027202
-0.703077429,-0.0027202
-0.703077429,-0.002716562
-0.702744456,-0.002716562
-0.702744456,-0.002712924
-0.702411483,-0.002712924
-0.702411483,-0.002709287
-0.702411483,-0.002705649
-0.702411483,-0.002705649
-0.702078511,-0.002702011
-0.702078511,-0.002698373
-0.702078511,-0.002698373
-0.701745538,-0.002694735
-0.701745538,-0.002691097
-0.701745538,-0.002691097
-0.701745538,-0.002687459
-0.701745538,-0.002683821
-0.701412566,-0.002683821
-0.701412566,-0.002680183
-0.701412566,-0.002676545
-0.701079593,-0.002676545
-0.701079593,-0.002672908
-0.701079593,-0.00266927
-0.701079593,-0.00266927
-0.70074662,-0.002665632
-0.701079593,-0.002665632
-0.70074662,-0.002665632
-0.70074662,-0.002661994
-0.700413648,-0.002658356
-0.700413648,-0.002654718
-0.700413648,-0.002654718
-0.700413648,-0.00265108
-0.700413648,-0.00265108
-0.700080675,-0.002647442
-0.700080675,-0.002647442
-0.700080675,-0.002643804
-0.700080675,-0.002640167
-0.699747702,-0.002636529
-0.699747702,-0.002636529
-0.699747702,-0.002632891
-0.699747702,-0.002629253
-0.69941473,-0.002629253
-0.69941473,-0.002625615
-0.69941473,-0.002625615
-0.699081757,-0.002621977
-0.699081757,-0.002618339
-0.699081757,-0.002618339
-0.699081757,-0.002614701
-0.699081757,-0.002611063
-0.698748785,-0.002611063
-0.698748785,-0.002607426
-0.698748785,-0.002603788
-0.698415812,-0.00260015
-0.698748785,-0.00260015
-0.698415812,-0.002596512
-0.698082839,-0.002592874
-0.698082839,-0.002592874
-0.698082839,-0.002589236
-0.698082839,-0.002589236
-0.698082839,-0.002585598
-0.698082839,-0.00258196
-0.697749867,-0.00258196
-0.697416894,-0.002578322
-0.697416894,-0.002574684
-0.697416894,-0.002574684
-0.697416894,-0.002571047
-0.697083922,-0.002567409
-0.697416894,-0.002567409
-0.697083922,-0.002563771
-0.697083922,-0.002560133
-0.697083922,-0.002560133
-0.696750949,-0.002556495
-0.696750949,-0.002552857
-0.696750949,-0.002552857
-0.696417976,-0.002549219
-0.696417976,-0.002545581
-0.696417976,-0.002545581
-0.696417976,-0.002541943
-0.696085004,-0.002538306
-0.696085004,-0.002534668
-0.696085004,-0.002534668
-0.696085004,-0.00253103
-0.695752031,-0.00253103
-0.695752031,-0.002527392
-0.695752031,-0.002523754
-0.695752031,-0.002523754
-0.695419058,-0.002520116
-0.695419058,-0.002516478
-0.695419058,-0.002516478
-0.695086086,-0.00251284
-0.695086086,-0.002509202
-0.695086086,-0.002505564
-0.694753113,-0.002505564
-0.694753113,-0.002501927
-0.694753113,-0.002498289
-0.694420141,-0.002498289
-0.694420141,-0.002494651
-0.694420141,-0.002491013
-0.694420141,-0.002491013
-0.694420141,-0.002487375
-0.694087168,-0.002483737
-0.694087168,-0.002483737
-0.693754195,-0.002480099
-0.693754195,-0.002480099
-0.693754195,-0.002476461
-0.693754195,-0.002472823
-0.693754195,-0.002472823
-0.693421223,-0.002469186
-0.693421223,-0.002465548
-0.69308825,-0.002465548
-0.69308825,-0.00246191
-0.69308825,-0.002458272
-0.692755278,-0.002454634
-0.692755278,-0.002454634
-0.692755278,-0.002450996
-0.692755278,-0.002450996
-0.692755278,-0.002447358
-0.692755278,-0.00244372
-0.692422305,-0.00244372
-0.692422305,-0.002440082
-0.692089332,-0.002436445
-0.692089332,-0.002436445
-0.692089332,-0.002432807
-0.69175636,-0.002429169
-0.69175636,-0.002429169
-0.69175636,-0.002425531
-0.69175636,-0.002425531
-0.69175636,-0.002421893
-0.691423387,-0.002418255
-0.691423387,-0.002418255
-0.691090415,-0.002414617
-0.691090415,-0.002410979
-0.691090415,-0.002410979
-0.691090415,-0.002407341
-0.691090415,-0.002407341
-0.690757442,-0.002403703
-0.690757442,-0.002403703
-0.690424469,-0.002400066
-0.690757442,-0.002396428
-0.690424469,-0.002396428
-0.690424469,-0.00239279
-0.690424469,-0.002389152
-0.690424469,-0.002389152
-0.690091497,-0.002385514
-0.690091497,-0.002381876
-0.689758524,-0.002378238
-0.689758524,-0.002378238
-0.689758524,-0.0023746
-0.689425551,-0.002370962
-0.689758524,-0.002370962
-0.689425551,-0.002367325
-0.689425551,-0.002367325
-0.689425551,-0.002363687
-0.689425551,-0.002360049
-0.689092579,-0.002360049
-0.689092579,-0.002356411
-0.689092579,-0.002352773
-0.688759606,-0.002352773
-0.688759606,-0.002349135
-0.688759606,-0.002345497
-0.688426634,-0.002345497
-0.688426634,-0.002341859
-0.688426634,-0.002338221
-0.688426634,-0.002338221
-0.688093661,-0.002334584
-0.688093661,-0.002330946
-0.688093661,-0.002330946
-0.687760688,-0.002327308
-0.687760688,-0.00232367
-0.687427716,-0.002320032
-0.687760688,-0.002320032
-0.687427716,-0.002316394
-0.687427716,-0.002316394
-0.687427716,-0.002312756
-0.687094743,-0.002309118
-0.687094743,-0.002309118
-0.686761771,-0.00230548
-0.686761771,-0.00230548
-0.686761771,-0.002301842
-0.686761771,-0.002298205
-0.686761771,-0.002294567
-0.686761771,-0.002294567
-0.686428798,-0.002290929
-0.686428798,-0.002287291
-0.686428798,-0.002287291
-0.686095825,-0.002283653
-0.686095825,-0.002280015
-0.686095825,-0.002280015
-0.685762853,-0.002276377
-0.685762853,-0.002272739
-0.685762853,-0.002272739
-0.68542988,-0.002269101
-0.68542988,-0.002269101
-0.685096907,-0.002265464
-0.685096907,-0.002261826
-0.684763935,-0.002261826
-0.684763935,-0.002258188
-0.684763935,-0.00225455
-0.684763935,-0.00225455
-0.684763935,-0.002250912
-0.684430962,-0.002247274
-0.684430962,-0.002243636
-0.68409799,-0.002243636
-0.68409799,-0.002239998
-0.68409799,-0.00223636
-0.68409799,-0.00223636
-0.683765017,-0.002232723
-0.683765017,-0.002232723
-0.683765017,-0.002229085
-0.683432044,-0.002225447
-0.683432044,-0.002225447
-0.683432044,-0.002221809
-0.683099072,-0.002221809
-0.683099072,-0.002218171
-0.683099072,-0.002214533
-0.682766099,-0.002210895
-0.682766099,-0.002207257
-0.682766099,-0.002207257
-0.682766099,-0.002203619
-0.682766099,-0.002203619
-0.682433127,-0.002199981
-0.682433127,-0.002196344
-0.682100154,-0.002196344
-0.682100154,-0.002192706
-0.682100154,-0.002192706
-0.682100154,-0.002189068
-0.681767181,-0.00218543
-0.681767181,-0.00218543
-0.681767181,-0.002181792
-0.681434209,-0.002178154
-0.681434209,-0.002178154
-0.681434209,-0.002174516
-0.681434209,-0.002170878
-0.681101236,-0.002170878
-0.681101236,-0.00216724
-0.681101236,-0.002163603
-0.681101236,-0.002163603
-0.681101236,-0.002159965
-0.680768264,-0.002159965
-0.680768264,-0.002156327
-0.680435291,-0.002152689
-0.680435291,-0.002149051
-0.680435291,-0.002149051
-0.680435291,-0.002145413
-0.680102318,-0.002145413
-0.680102318,-0.002141775
-0.679769346,-0.002138137
-0.679769346,-0.002138137
-0.679769346,-0.002134499
-0.679769346,-0.002134499
-0.679436373,-0.002130861
-0.679436373,-0.002127224
-0.679436373,-0.002123586
-0.6791034,-0.002123586
-0.6791034,-0.002119948
-0.6791034,-0.002119948
-0.6791034,-0.00211631
-0.6791034,-0.00211631
-0.678770428,-0.002112672
-0.678770428,-0.002109034
-0.678770428,-0.002109034
-0.678437455,-0.002105396
-0.678437455,-0.002101758
-0.678437455,-0.002101758
-0.678104483,-0.00209812
-0.678104483,-0.00209812
-0.678104483,-0.002094483
-0.67777151,-0.002090845
-0.67777151,-0.002087207
-0.67777151,-0.002087207
-0.677438537,-0.002083569
-0.677438537,-0.002079931
-0.677438537,-0.002079931
-0.677438537,-0.002076293
-0.677105565,-0.002076293
-0.677105565,-0.002072655
-0.677105565,-0.002069017
-0.676772592,-0.002065379
-0.676772592,-0.002065379
-0.676772592,-0.002061742
-0.67643962,-0.002058104
-0.67643962,-0.002058104
-0.67643962,-0.002054466
-0.67643962,-0.002054466
-0.676106647,-0.002050828
-0.676106647,-0.00204719
-0.676106647,-0.00204719
-0.675773674,-0.002043552
-0.675773674,-0.002043552
-0.675440702,-0.002039914
-0.675440702,-0.002036276
-0.675440702,-0.002032638
-0.675440702,-0.002029
-0.675107729,-0.002029
-0.675107729,-0.002025363
-0.675107729,-0.002021725
-0.674774756,-0.002021725
-0.674774756,-0.002018087
-0.674774756,-0.002018087
-0.674774756,-0.002014449
-0.674441784,-0.002014449
-0.674108811,-0.002010811
-0.674108811,-0.002007173
-0.674108811,-0.002003535
-0.674108811,-0.002003535
-0.674108811,-0.001999897
-0.673775839,-0.001999897
-0.673775839,-0.001996259
-0.673442866,-0.001992622
-0.673442866,-0.001988984
-0.673109893,-0.001988984
-0.673442866,-0.001988984
-0.673109893,-0.001985346
-0.673109893,-0.001981708
-0.672776921,-0.00197807
-0.672776921,-0.00197807
-0.672776921,-0.001974432
-0.672443948,-0.001970794
-0.672443948,-0.001970794
-0.672110976,-0.001967156
-0.672110976,-0.001963518
-0.672110976,-0.001959881
-0.672110976,-0.001959881
-0.671778003,-0.001956243
-0.671778003,-0.001956243
-0.67144503,-0.001952605
-0.67144503,-0.001948967
-0.671112058,-0.001945329
-0.671112058,-0.001945329
-0.671112058,-0.001941691
-0.671112058,-0.001941691
-0.670779085,-0.001938053
-0.670779085,-0.001934415
-0.670779085,-0.001930777
-0.670779085,-0.001930777
-0.670446113,-0.001927139
-0.670446113,-0.001927139
-0.670446113,-0.001927139
-0.670446113,-0.001923502
-0.67011314,-0.001919864
-0.67011314,-0.001919864
-0.669780167,-0.001916226
-0.669780167,-0.001912588
-0.669780167,-0.00190895
-0.669780167,-0.00190895
-0.669447195,-0.001905312
-0.669447195,-0.001901674
-0.669114222,-0.001901674
-0.669114222,-0.001898036
-0.669114222,-0.001894398
-0.669114222,-0.001894398
-0.669114222,-0.001890761
-0.668781249,-0.001887123
-0.668781249,-0.001887123
-0.668448277,-0.001883485
-0.668448277,-0.001883485
-0.668448277,-0.001879847
-0.668115304,-0.001876209
-0.668115304,-0.001876209
-0.668115304,-0.001872571
-0.668115304,-0.001868933
-0.667782332,-0.001868933
-0.667782332,-0.001865295
-0.667449359,-0.001861657
-0.667449359,-0.001861657
-0.667449359,-0.00185802
-0.667449359,-0.001854382
-0.667449359,-0.001854382
-0.667116386,-0.001850744
-0.667116386,-0.001847106
-0.666783414,-0.001847106
-0.666783414,-0.001843468
-0.666450441,-0.001843468
-0.666450441,-0.00183983
-0.666450441,-0.001836192
-0.666117469,-0.001832554
-0.666117469,-0.001832554
-0.666117469,-0.001828916
-0.665784496,-0.001828916
-0.665784496,-0.001825278
-0.665451523,-0.001821641
-0.665451523,-0.001821641
-0.665451523,-0.001818003
-0.665118551,-0.001814365
-0.665118551,-0.001814365
-0.665118551,-0.001810727
-0.665118551,-0.001807089
-0.664785578,-0.001807089
-0.664785578,-0.001803451
-0.664452605,-0.001799813
-0.664452605,-0.001799813
-0.664119633,-0.001796175
-0.664119633,-0.001796175
-0.664119633,-0.001792537
-0.66378666,-0.0017889
-0.66378666,-0.001785262
-0.66378666,-0.001785262
-0.663453688,-0.001781624
-0.663453688,-0.001777986
-0.663120715,-0.001777986
-0.663120715,-0.001774348
-0.663120715,-0.001774348
-0.662787742,-0.00177071
-0.662787742,-0.001767072
-0.662787742,-0.001763434
-0.662787742,-0.001763434
-0.662787742,-0.001759796
-0.66245477,-0.001756158
-0.66245477,-0.001756158
-0.662121797,-0.001752521
-0.662121797,-0.001752521
-0.661788825,-0.001748883
-0.661788825,-0.001745245
-0.661788825,-0.001745245
-0.661788825,-0.001741607
-0.661455852,-0.001741607
-0.661455852,-0.001737969
-0.661122879,-0.001734331
-0.661122879,-0.001734331
-0.660789907,-0.001730693
-0.660789907,-0.001727055
-0.660789907,-0.001727055
-0.660789907,-0.001723417
-0.660456934,-0.00171978
-0.660456934,-0.00171978
-0.660456934,-0.001716142
-0.660123962,-0.001712504
-0.660123962,-0.001712504
-0.659790989,-0.001708866
-0.659790989,-0.001705228
-0.659790989,-0.00170159
-0.659790989,-0.00170159
-0.659458016,-0.001697952
-0.659458016,-0.001694314
-0.659458016,-0.001694314
-0.659125044,-0.001690676
-0.659125044,-0.001690676
-0.659125044,-0.001687039
-0.658792071,-0.001683401
-0.658792071,-0.001683401
-0.658459098,-0.001679763
-0.658792071,-0.001679763
-0.658459098,-0.001676125
-0.658459098,-0.001672487
-0.658126126,-0.001668849
-0.658126126,-0.001668849
-0.658126126,-0.001665211
-0.658126126,-0.001665211
-0.657793153,-0.001661573
-0.657793153,-0.001657935
-0.657460181,-0.001657935
-0.657460181,-0.001654297
-0.657460181,-0.00165066
-0.657460181,-0.001647022
-0.657127208,-0.001647022
-0.657127208,-0.001643384
-0.656794235,-0.001643384
-0.656794235,-0.001639746
-0.656794235,-0.001636108
-0.656794235,-0.001636108
-0.656461263,-0.00163247
-0.656461263,-0.00163247
-0.656461263,-0.001628832
-0.65612829,-0.001628832
-0.655795318,-0.001621556
-0.655795318,-0.001621556
-0.655795318,-0.001617919
-0.655462345,-0.001617919
-0.655462345,-0.001614281
-0.655462345,-0.001610643
-0.655129372,-0.001607005
-0.655129372,-0.001607005
-0.6547964,-0.001603367
-0.6547964,-0.001599729
-0.6547964,-0.001599729
-0.654463427,-0.001596091
-0.654463427,-0.001592453
-0.654463427,-0.001588815
-0.654130454,-0.001588815
-0.654130454,-0.001588815
-0.654130454,-0.001585178
-0.654130454,-0.00158154
-0.653797482,-0.001577902
-0.653797482,-0.001577902
-0.653464509,-0.001574264
-0.653464509,-0.001574264
-0.653464509,-0.001570626
-0.653464509,-0.001570626
-0.653131537,-0.001566988
-0.653131537,-0.00156335
-0.652798564,-0.00156335
-0.652798564,-0.001559712
-0.652465591,-0.001559712
-0.652465591,-0.001556074
-0.652465591,-0.001552436
-0.652132619,-0.001548799
-0.652132619,-0.001548799
-0.652132619,-0.001545161
-0.651799646,-0.001545161
-0.651799646,-0.001541523
-0.651799646,-0.001537885
-0.651799646,-0.001537885
-0.651466674,-0.001534247
-0.651133701,-0.001530609
-0.651133701,-0.001530609
-0.651133701,-0.001526971
-0.650800728,-0.001523333
-0.650800728,-0.001523333
-0.650800728,-0.001519695
-0.650800728,-0.001519695
-0.650467756,-0.001516058
-0.650467756,-0.00151242
-0.650134783,-0.00151242
-0.650134783,-0.001508782
-0.649801811,-0.001505144
-0.649801811,-0.001501506
-0.649801811,-0.001501506
-0.649468838,-0.001497868
-0.649468838,-0.001497868
-0.649468838,-0.00149423
-0.649135865,-0.001490592
-0.649135865,-0.001490592
-0.649135865,-0.001486954
-0.648802893,-0.001483317
-0.648802893,-0.001483317
-0.64846992,-0.001479679
-0.64846992,-0.001476041
-0.64846992,-0.001476041
-0.64846992,-0.001472403
-0.648136947,-0.001472403
-0.648136947,-0.001468765
-0.647803975,-0.001465127
-0.647803975,-0.001465127
-0.647471002,-0.001461489
-0.647471002,-0.001457851
-0.647471002,-0.001457851
-0.647471002,-0.001454213
-0.64713803,-0.001454213
-0.64713803,-0.001450575
-0.64713803,-0.001446938
-0.646805057,-0.0014433
-0.646472084,-0.0014433
-0.646805057,-0.001439662
-0.646472084,-0.001436024
-0.646472084,-0.001436024
-0.646139112,-0.001432386
-0.646139112,-0.001432386
-0.645806139,-0.001428748
-0.645806139,-0.00142511
-0.645806139,-0.001421472
-0.645473167,-0.001421472
-0.645473167,-0.001417834
-0.645140194,-0.001417834
-0.645140194,-0.001414197
-0.645140194,-0.001410559
-0.644807221,-0.001410559
-0.644807221,-0.001406921
-0.644474249,-0.001403283
-0.644474249,-0.001399645
-0.644141276,-0.001399645
-0.644141276,-0.001396007
-0.643808303,-0.001392369
-0.644141276,-0.001392369
-0.643808303,-0.001388731
-0.643475331,-0.001388731
-0.643475331,-0.001385093
-0.643475331,-0.001381455
-0.643142358,-0.001381455
-0.643142358,-0.001377818
-0.642809386,-0.00137418
-0.642809386,-0.00137418
-0.642476413,-0.001370542
-0.642476413,-0.001366904
-0.64214344,-0.001366904
-0.64214344,-0.001363266
-0.64214344,-0.001363266
-0.641810468,-0.001359628
-0.641810468,-0.00135599
-0.641810468,-0.001352352
-0.641477495,-0.001352352
-0.641477495,-0.001348714
-0.641144523,-0.001345077
-0.641144523,-0.001345077
-0.641144523,-0.001341439
-0.64081155,-0.001341439
-0.640478577,-0.001337801
-0.640478577,-0.001334163
-0.640145605,-0.001330525
-0.640145605,-0.001330525
-0.639812632,-0.001326887
-0.639812632,-0.001323249
-0.639812632,-0.001323249
-0.639812632,-0.001319611
-0.63947966,-0.001319611
-0.63947966,-0.001315973
-0.639146687,-0.001315973
-0.639146687,-0.001308698
-0.639146687,-0.001308698
-0.638813714,-0.00130506
-0.638813714,-0.00130506
-0.638813714,-0.001301422
-0.638480742,-0.001297784
-0.638480742,-0.001297784
-0.638480742,-0.001294146
-0.638147769,-0.001294146
-0.638147769,-0.001290508
-0.637814796,-0.00128687
-0.637814796,-0.001283232
-0.637814796,-0.001283232
-0.637481824,-0.001279594
-0.637148851,-0.001279594
-0.637148851,-0.001275957
-0.637148851,-0.001272319
-0.637148851,-0.001272319
-0.636815879,-0.001268681
-0.636815879,-0.001268681
-0.636482906,-0.001265043
-0.636482906,-0.001261405
-0.636149933,-0.001257767
-0.636149933,-0.001257767
-0.636149933,-0.001254129
-0.635816961,-0.001254129
-0.635816961,-0.001250491
-0.635483988,-0.001246853
-0.635483988,-0.001246853
-0.635151016,-0.001243216
-0.635151016,-0.001239578
-0.635151016,-0.001239578
-0.634818043,-0.00123594
-0.634818043,-0.00123594
-0.634818043,-0.001232302
-0.63448507,-0.001228664
-0.63448507,-0.001228664
-0.634152098,-0.001225026
-0.634152098,-0.001221388
-0.633819125,-0.001221388
-0.633819125,-0.00121775
-0.633819125,-0.001214112
-0.633486152,-0.001214112
-0.633486152,-0.001210475
-0.63315318,-0.001210475
-0.63315318,-0.001206837
-0.632820207,-0.001203199
-0.632820207,-0.001199561
-0.632820207,-0.001199561
-0.632487235,-0.001195923
-0.632154262,-0.001192285
-0.632154262,-0.001192285
-0.632154262,-0.001188647
-0.632154262,-0.001188647
-0.631821289,-0.001185009
-0.631821289,-0.001181371
-0.631488317,-0.001181371
-0.631488317,-0.001177733
-0.631155344,-0.001174096
-0.631155344,-0.001174096
-0.630822372,-0.001170458
-0.630822372,-0.00116682
-0.630489399,-0.00116682
-0.630489399,-0.001163182
-0.630489399,-0.001159544
-0.630156426,-0.001159544
-0.630156426,-0.001155906
-0.629823454,-0.001155906
-0.629823454,-0.001152268
-0.629490481,-0.00114863
-0.629490481,-0.001144992
-0.629490481,-0.001144992
-0.629157509,-0.001144992
-0.629157509,-0.001141355
-0.629157509,-0.001137717
-0.628824536,-0.001134079
-0.628491563,-0.001134079
-0.628491563,-0.001130441
-0.628491563,-0.001130441
-0.628158591,-0.001126803
-0.628158591,-0.001123165
-0.627825618,-0.001123165
-0.627825618,-0.001119527
-0.627492645,-0.001115889
-0.627492645,-0.001115889
-0.627492645,-0.001112251
-0.627159673,-0.001108614
-0.627159673,-0.001108614
-0.627159673,-0.001104976
-0.6268267,-0.001104976
-0.6268267,-0.001101338
-0.626493728,-0.001101338
-0.626493728,-0.0010977
-0.626160755,-0.001094062
-0.626160755,-0.001090424
-0.625827782,-0.001086786
-0.625827782,-0.001086786
-0.625827782,-0.001083148
-0.62549481,-0.001083148
-0.62549481,-0.00107951
-0.625161837,-0.00107951
-0.625161837,-0.001075872
-0.624828865,-0.001072235
-0.624828865,-0.001068597
-0.624495892,-0.001068597
-0.624495892,-0.001064959
-0.624162919,-0.001061321
-0.624162919,-0.001061321
-0.624162919,-0.001057683
-0.623829947,-0.001057683
-0.623829947,-0.001054045
-0.623496974,-0.001050407
-0.623496974,-0.001046769
-0.623164001,-0.001046769
-0.623164001,-0.001046769
-0.622831029,-0.001043131
-0.622831029,-0.001039494
-0.622498056,-0.001035856
-0.622498056,-0.001035856
-0.622498056,-0.001032218
-0.622165084,-0.001032218
-0.622165084,-0.001032218
-0.621832111,-0.00102858
-0.621832111,-0.00102858
-0.621832111,-0.001024942
-0.621499138,-0.001021304
-0.621166166,-0.001017666
-0.621166166,-0.001017666
-0.621166166,-0.001014028
-0.620833193,-0.001014028
-0.620833193,-0.00101039
-0.620500221,-0.001006752
-0.620500221,-0.001006752
-0.620167248,-0.001003115
-0.620167248,-0.000999477
-0.619834275,-0.000999477
-0.619834275,-0.000995839
-0.619501303,-0.000992201
-0.619501303,-0.000992201
-0.619501303,-0.000988563
-0.61916833,-0.000988563
-0.618835357,-0.000984925
-0.618835357,-0.000981287
-0.618502385,-0.000981287
-0.618502385,-0.000977649
-0.618169412,-0.000977649
-0.618169412,-0.000974011
-0.61783644,-0.000970374
-0.61783644,-0.000970374
-0.61783644,-0.000966736
-0.617503467,-0.000963098
-0.617503467,-0.000963098
-0.617170494,-0.00095946
-0.617170494,-0.000955822
-0.616837522,-0.000955822
-0.616837522,-0.000952184
-0.616837522,-0.000952184
-0.616504549,-0.000948546
-0.616171577,-0.000944908
-0.616171577,-0.00094127
-0.616171577,-0.00094127
-0.615838604,-0.000937633
-0.615838604,-0.000933995
-0.615505631,-0.000933995
-0.615505631,-0.000933995
-0.615505631,-0.000930357
-0.615172659,-0.000926719
-0.615172659,-0.000926719
-0.614839686,-0.000923081
-0.614839686,-0.000919443
-0.614506714,-0.000915805
-0.614506714,-0.000912167
-0.614173741,-0.000912167
-0.614173741,-0.000912167
-0.613840768,-0.000908529
-0.613840768,-0.000904891
-0.613507796,-0.000904891
-0.613507796,-0.000901254
-0.613174823,-0.000897616
-0.613174823,-0.000897616
-0.61284185,-0.000893978
-0.61284185,-0.00089034
-0.612508878,-0.000886702
-0.612508878,-0.000886702
-0.612175905,-0.000883064
-0.612175905,-0.000883064
-0.611842933,-0.000879426
-0.611842933,-0.000879426
-0.61150996,-0.000875788
-0.61150996,-0.00087215
-0.611176987,-0.00087215
-0.611176987,-0.000868513
-0.610844015,-0.000864875
-0.610844015,-0.000864875
-0.610511042,-0.000861237
-0.610511042,-0.000857599
-0.61017807,-0.000857599
-0.61017807,-0.000853961
-0.609845097,-0.000850323
-0.609845097,-0.000846685
-0.609512124,-0.000846685
-0.609512124,-0.000843047
-0.609179152,-0.000843047
-0.609179152,-0.000839409
-0.608846179,-0.000835772
-0.608846179,-0.000835772
-0.608513206,-0.000832134
-0.608513206,-0.000828496
-0.608180234,-0.000828496
-0.608180234,-0.000828496
-0.607847261,-0.000824858
-0.607514289,-0.00082122
-0.607514289,-0.000817582
-0.607514289,-0.000817582
-0.607181316,-0.000813944
-0.606848343,-0.000810306
-0.606848343,-0.000810306
-0.606515371,-0.000806668
-0.606515371,-0.00080303
-0.606182398,-0.00080303
-0.606182398,-0.000799393
-0.605849426,-0.000799393
-0.605849426,-0.000795755
-0.605516453,-0.000795755
-0.605516453,-0.000792117
-0.60518348,-0.000788479
-0.60518348,-0.000784841
-0.604850508,-0.000784841
-0.604850508,-0.000781203
-0.604517535,-0.000777565
-0.604517535,-0.000777565
-0.604184563,-0.000773927
-0.60385159,-0.000773927
-0.60385159,-0.000770289
-0.603518617,-0.000770289
-0.603518617,-0.000766652
-0.603185645,-0.000763014
-0.603185645,-0.000763014
-0.602852672,-0.000759376
-0.602852672,-0.000759376
-0.602519699,-0.000755738
-0.602186727,-0.0007521
-0.602186727,-0.0007521
-0.602186727,-0.000748462
-0.601853754,-0.000748462
-0.601520782,-0.000744824
-0.601520782,-0.000741186
-0.601520782,-0.000737548
-0.601187809,-0.000737548
-0.600854836,-0.000733911
-0.600854836,-0.000730273
-0.600521864,-0.000730273
-0.600188891,-0.000726635
-0.600188891,-0.000722997
-0.599855919,-0.000722997
-0.599522946,-0.000719359
-0.599522946,-0.000715721
-0.599189973,-0.000715721
-0.599189973,-0.000712083
-0.599189973,-0.000712083
-0.598857001,-0.000708445
-0.598524028,-0.000704807
-0.598524028,-0.000704807
-0.598191055,-0.000701169
-0.597858083,-0.000701169
-0.597858083,-0.000697532
-0.59752511,-0.000693894
-0.59752511,-0.000693894
-0.597192138,-0.000690256
-0.597192138,-0.000686618
-0.596859165,-0.00068298
-0.596526192,-0.00068298
-0.596526192,-0.000679342
-0.59619322,-0.000675704
-0.59619322,-0.000675704
-0.595860247,-0.000672066
-0.595860247,-0.000668428
-0.595527275,-0.000668428
-0.595527275,-0.000664791
-0.595194302,-0.000664791
-0.595194302,-0.000661153
-0.594861329,-0.000657515
-0.594528357,-0.000657515
-0.594528357,-0.000653877
-0.594195384,-0.000653877
-0.593862412,-0.000650239
-0.593862412,-0.000646601
-0.593529439,-0.000646601
-0.593529439,-0.000642963
-0.593196466,-0.000642963
-0.592863494,-0.000639325
-0.592863494,-0.000635687
-0.592530521,-0.000632049
-0.592530521,-0.000632049
-0.592197548,-0.000628412
-0.591864576,-0.000628412
-0.591864576,-0.000624774
-0.591531603,-0.000621136
-0.591531603,-0.000621136
-0.591198631,-0.000617498
-0.590865658,-0.000617498
-0.590865658,-0.00061386
-0.590532685,-0.000610222
-0.590532685,-0.000606584
-0.590199713,-0.000606584
-0.590199713,-0.000602946
-0.58986674,-0.000602946
-0.589533768,-0.000599308
-0.589533768,-0.000599308
-0.589200795,-0.000595671
-0.588867822,-0.000592033
-0.588867822,-0.000592033
-0.58853485,-0.000588395
-0.588201877,-0.000584757
-0.588201877,-0.000584757
-0.587868904,-0.000581119
-0.587868904,-0.000577481
-0.587535932,-0.000577481
-0.587202959,-0.000573843
-0.587202959,-0.000573843
-0.586869987,-0.000570205
-0.586537014,-0.000566567
-0.586204041,-0.000566567
-0.586204041,-0.00056293
-0.585871069,-0.000559292
-0.585871069,-0.000559292
-0.585538096,-0.000555654
-0.585205124,-0.000552016
-0.585205124,-0.000552016
-0.584872151,-0.000548378
-0.584539178,-0.000548378
-0.584206206,-0.00054474
-0.584206206,-0.000541102
-0.583873233,-0.000541102
-0.583873233,-0.000537464
-0.583540261,-0.000537464
-0.583540261,-0.000533826
-0.583207288,-0.000530188
-0.582874315,-0.000530188
-0.582874315,-0.000526551
-0.582541343,-0.000522913
-0.58220837,-0.000522913
-0.58220837,-0.000519275
-0.581875397,-0.000519275
-0.581542425,-0.000515637
-0.581542425,-0.000515637
-0.581209452,-0.000511999
-0.58087648,-0.000508361
-0.58087648,-0.000508361
-0.580543507,-0.000504723
-0.580210534,-0.000501085
-0.580210534,-0.000501085
-0.579877562,-0.000497447
-0.579877562,-0.000497447
-0.579544589,-0.000497447
-0.579544589,-0.00049381
-0.579211617,-0.000490172
-0.578878644,-0.000486534
-0.578878644,-0.000486534
-0.578545671,-0.000482896
-0.578212699,-0.000482896
-0.577879726,-0.000479258
-0.577879726,-0.00047562
-0.577546753,-0.00047562
-0.577213781,-0.000471982
-0.577213781,-0.000471982
-0.576880808,-0.000468344
-0.576880808,-0.000468344
-0.576214863,-0.000464706
-0.576214863,-0.000461069
-0.57588189,-0.000461069
-0.57588189,-0.000457431
-0.575548918,-0.000457431
-0.575215945,-0.000453793
-0.575215945,-0.000450155
-0.574882973,-0.000450155
-0.57455,-0.000446517
-0.574217027,-0.000442879
-0.574217027,-0.000442879
-0.573884055,-0.000439241
-0.573551082,-0.000435603
-0.573551082,-0.000435603
-0.57321811,-0.000431965
-0.572885137,-0.000431965
-0.572552164,-0.000428327
-0.572552164,-0.00042469
-0.572219192,-0.00042469
-0.571886219,-0.000421052
-0.571553246,-0.000421052
-0.571220274,-0.000417414
-0.571220274,-0.000413776
-0.570887301,-0.000413776
-0.570554329,-0.000410138
-0.570221356,-0.0004065
-0.570221356,-0.0004065
-0.569888383,-0.000402862
-0.569555411,-0.000402862
-0.569222438,-0.000399224
-0.568889466,-0.000395586
-0.568556493,-0.000391949
-0.568556493,-0.000391949
-0.56822352,-0.000391949
-0.56822352,-0.000388311
-0.567557575,-0.000384673
-0.567557575,-0.000381035
-0.567224602,-0.000381035
-0.56689163,-0.000377397
-0.566558657,-0.000377397
-0.566558657,-0.000373759
-0.566225685,-0.000373759
-0.565892712,-0.000370121
-0.565559739,-0.000366483
-0.565559739,-0.000366483
-0.565226767,-0.000362845
-0.564893794,-0.000359208
-0.564560822,-0.000359208
-0.564227849,-0.00035557
-0.563894876,-0.00035557
-0.563894876,-0.000351932
-0.563561904,-0.000348294
-0.563228931,-0.000348294
-0.562895959,-0.000344656
-0.562562986,-0.000344656
-0.562230013,-0.000341018
-0.561897041,-0.00033738
-0.561564068,-0.00033738
-0.561231095,-0.000333742
-0.560898123,-0.000330104
-0.560898123,-0.000330104
-0.56056515,-0.000326466
-0.560232178,-0.000326466
-0.559899205,-0.000322829
-0.559566232,-0.000322829
-0.55923326,-0.000319191
-0.55923326,-0.000315553
-0.558567315,-0.000315553
-0.558567315,-0.000311915
-0.558234342,-0.000311915
-0.557901369,-0.000308277
-0.557568397,-0.000304639
-0.557235424,-0.000304639
-0.556902451,-0.000301001
-0.556569479,-0.000297363
-0.556236506,-0.000297363
-0.555903534,-0.000293725
-0.555570561,-0.000293725
-0.555237588,-0.000290088
-0.555237588,-0.00028645
-0.554904616,-0.00028645
-0.554238671,-0.000282812
-0.554238671,-0.000282812
-0.553905698,-0.000279174
-0.553572725,-0.000275536
-0.553239753,-0.000275536
-0.55290678,-0.000271898
-0.552573808,-0.000271898
-0.552240835,-0.00026826
-0.551907862,-0.00026826
-0.55157489,-0.000264622
-0.551241917,-0.000260984
-0.550908944,-0.000260984
-0.550575972,-0.000257346
-0.550242999,-0.000257346
-0.549910027,-0.000253709
-0.549577054,-0.000250071
-0.549244081,-0.000250071
-0.548911109,-0.000246433
-0.548578136,-0.000246433
-0.548245164,-0.000242795
-0.547912191,-0.000239157
-0.547579218,-0.000239157
-0.547246246,-0.000235519
-0.546913273,-0.000235519
-0.5465803,-0.000231881
-0.545914355,-0.000231881
-0.545581383,-0.000228243
-0.54524841,-0.000224605
-0.54524841,-0.000224605
-0.544582465,-0.000220968
-0.544249492,-0.00021733
-0.54391652,-0.00021733
-0.543583547,-0.000213692
-0.543250574,-0.000213692
-0.542917602,-0.000210054
-0.542584629,-0.000210054
-0.542251657,-0.000206416
-0.541918684,-0.000202778
-0.541252739,-0.000202778
-0.540919766,-0.000202778
-0.540586793,-0.00019914
-0.540253821,-0.000195502
-0.539587876,-0.000195502
-0.539254903,-0.000191864
-0.53892193,-0.000191864
-0.538588958,-0.000188227
-0.537923013,-0.000184589
-0.53759004,-0.000184589
-0.537257067,-0.000180951
-0.536591122,-0.000180951
-0.536258149,-0.000177313
-0.535925177,-0.000177313
-0.535259232,-0.000173675
-0.535259232,-0.000173675
-0.534593286,-0.000170037
-0.533927341,-0.000170037
-0.533594369,-0.000166399
-0.532928423,-0.000162761
-0.532595451,-0.000162761
-0.532262478,-0.000159123
-0.531929506,-0.000159123
-0.53126356,-0.000155485
-0.530930588,-0.000151848
-0.530597615,-0.000151848
-0.530264642,-0.00014821
-0.529598697,-0.00014821
-0.529265725,-0.000144572
-0.528599779,-0.000144572
-0.528266807,-0.000140934
-0.527600862,-0.000137296
-0.526934916,-0.000137296
-0.526268971,-0.000133658
-0.526268971,-0.000133658
-0.525603026,-0.00013002
-0.524937081,-0.000126382
-0.524604108,-0.000126382
-0.524271135,-0.000126382
-0.52360519,-0.000122744
-0.522939245,-0.000122744
-0.5222733,-0.000119107
-0.521940327,-0.000119107
-0.521274382,-0.000115469
-0.520941409,-0.000115469
-0.520275464,-0.000111831
-0.519609519,-0.000108193
-0.518943574,-0.000108193
-0.518610601,-0.000104555
-0.517944656,-0.000104555
-0.517278711,-0.000100917
-0.516612765,-0.000100917
-0.51594682,-0.000100917
-0.515613847,-9.73E-05
-0.51461493,-9.36E-05
-0.513948984,-9.36E-05
-0.513283039,-9.00E-05
-0.512617094,-9.00E-05
-0.511951149,-9.00E-05
-0.511618176,-8.64E-05
-0.510619258,-8.64E-05
-0.509953313,-8.27E-05
-0.509287368,-8.27E-05
-0.508621423,-8.27E-05
-0.507955477,-7.91E-05
-0.50695656,-7.55E-05
-0.506290614,-7.55E-05
-0.505624669,-7.18E-05
-0.504958724,-7.18E-05
-0.503959806,-6.82E-05
-0.502960888,-6.82E-05
-0.502294943,-6.82E-05
-0.501628998,-6.45E-05
-0.50063008,-6.09E-05
-0.499631162,-6.09E-05
-0.498632244,-6.09E-05
-0.497966299,-5.73E-05
-0.496967381,-5.73E-05
-0.495968463,-5.36E-05
-0.495302518,-5.36E-05
-0.493970628,-5.36E-05
-0.493304682,-5.00E-05
-0.491972792,-5.00E-05
-0.490973874,-4.63E-05
-0.489974956,-4.63E-05
-0.489309011,-4.63E-05
-0.487977121,-4.27E-05
-0.486978203,-4.27E-05
-0.485979285,-3.91E-05
-0.484647394,-3.91E-05
-0.483648477,-3.54E-05
-0.482649559,-3.54E-05
-0.481317668,-3.54E-05
-0.479985778,-3.18E-05
-0.479319833,-3.18E-05
-0.478653887,-3.18E-05
-0.47765497,-3.18E-05
-0.475990107,-2.82E-05
-0.474658216,-2.82E-05
-0.473326326,-2.82E-05
-0.471661463,-2.45E-05
-0.470662545,-2.45E-05
-0.468997682,-2.45E-05
-0.467665791,-2.45E-05
-0.466000928,-2.09E-05
-0.464669038,-2.09E-05
-0.463004175,-2.09E-05
-0.461339312,-2.09E-05
-0.459674449,-2.09E-05
-0.458342558,-2.09E-05
-0.456677695,-1.72E-05
-0.455012832,-1.72E-05
-0.453014996,-1.72E-05
-0.451017161,-1.72E-05
-0.449352298,-1.72E-05
-0.447354462,-1.36E-05
-0.445689599,-1.36E-05
-0.443691763,-1.36E-05
-0.441693927,-1.36E-05
-0.440029064,-1.36E-05
-0.437698256,-1.36E-05
-0.43570042,-9.97E-06
-0.433369612,-9.97E-06
-0.431371776,-9.97E-06
-0.429373941,-9.97E-06
-0.427043132,-9.97E-06
-0.424712324,-9.97E-06
-0.422381516,-9.97E-06
-0.42038368,-9.97E-06
-0.418718817,-6.33E-06
-0.416055036,-6.33E-06
-0.413391255,-6.33E-06
-0.41139342,-6.33E-06
-0.409395584,-6.33E-06
-0.407064776,-6.33E-06
-0.404400995,-6.33E-06
-0.402070186,-6.33E-06
-0.400072351,-6.33E-06
-0.39740857,-6.33E-06
-0.395077762,-6.33E-06
-0.392413981,-6.33E-06
-0.3897502,-2.69E-06
-0.387752364,-2.69E-06
-0.385421556,-2.69E-06
-0.382757775,-2.69E-06
-0.380426967,-2.69E-06
-0.377763186,-6.33E-06
-0.37576535,-6.33E-06
-0.373434542,-6.33E-06
-0.370437788,-6.33E-06
-0.367774007,-6.33E-06
-0.365110226,-6.33E-06
-0.363112391,-2.69E-06
-0.360781582,-2.69E-06
-0.358117802,-2.69E-06
-0.355454021,-2.69E-06
-0.353789158,-2.69E-06
-0.350792404,-2.69E-06
-0.348461596,-2.69E-06
-0.345464842,-6.33E-06
-0.343134034,-2.69E-06
-0.341136198,-2.69E-06
-0.338472417,-2.69E-06
-0.335808636,-2.69E-06
-0.333144856,-2.69E-06
-0.330814047,-2.69E-06
-0.328483239,-2.69E-06
-0.326152431,-2.69E-06
-0.323155677,-2.69E-06
-0.320491896,-2.69E-06
-0.318494061,-2.69E-06
-0.31583028,-6.33E-06
-0.313499471,-6.33E-06
-0.310835691,-6.33E-06
-0.30817191,-2.69E-06
-0.305841101,-2.69E-06
-0.303510293,-2.69E-06
-0.300846512,-2.69E-06
-0.298182731,-2.69E-06
-0.296184896,-2.69E-06
-0.293188142,-2.69E-06
-0.290857334,-2.69E-06
-0.288193553,-2.69E-06
-0.285529772,-2.69E-06
-0.283531936,-6.33E-06
-0.280868155,-2.69E-06
-0.278204374,-2.69E-06
-0.275540594,-2.69E-06
-0.273209785,-2.69E-06
-0.270878977,-2.69E-06
-0.268215196,-2.69E-06
-0.265551415,-2.69E-06
-0.262887634,-2.69E-06
-0.260556826,-2.69E-06
-0.258226018,-2.69E-06
-0.255562237,-2.69E-06
-0.253231428,-2.69E-06
-0.250234675,-2.69E-06
-0.247903867,-2.69E-06
-0.245573058,-2.69E-06
-0.242909277,-2.69E-06
-0.240578469,-2.69E-06
-0.237914688,-2.69E-06
-0.23558388,-2.69E-06
-0.233253072,-2.69E-06
-0.230589291,-2.69E-06
-0.22792551,-2.69E-06
-0.225594702,-2.69E-06
-0.223263893,-2.69E-06
-0.220600112,-2.69E-06
-0.217603359,-2.69E-06
-0.214939578,-2.69E-06
-0.212941742,-2.69E-06
-0.210610934,-2.69E-06
-0.207947153,-2.69E-06
-0.205283372,-2.69E-06
-0.202619591,-2.69E-06
-0.200288783,-2.69E-06
-0.197625002,-2.69E-06
-0.195294194,-2.69E-06
-0.192630413,-2.69E-06
-0.189966632,-2.69E-06
-0.187968796,-2.69E-06
-0.185305015,-2.69E-06
-0.182641235,-2.69E-06
-0.180310426,-2.69E-06
-0.178312591,-2.69E-06
-0.175315837,-2.69E-06
-0.172652056,-2.69E-06
-0.169988275,-2.69E-06
-0.167657467,-2.69E-06
-0.165659631,-2.69E-06
-0.16299585,-2.69E-06
-0.160332069,-2.69E-06
-0.157668289,-2.69E-06
-0.15533748,-2.69E-06
-0.153006672,-2.69E-06
-0.150009918,-2.69E-06
-0.14767911,-2.69E-06
-0.145015329,-2.69E-06
-0.142684521,-2.69E-06
-0.140353713,-2.69E-06
-0.137689932,-2.69E-06
-0.135026151,-2.69E-06
-0.13236237,-2.69E-06
-0.130364534,-2.69E-06
-0.128033726,-2.69E-06
-0.125036972,-2.69E-06
-0.122373192,-2.69E-06
-0.120375356,-2.69E-06
-0.117711575,-2.69E-06
-0.115047794,-2.69E-06
-0.112384013,-2.69E-06
-0.109720232,-2.69E-06
-0.108055369,-2.69E-06
-0.105391588,-2.69E-06
-0.102394835,-2.69E-06
-0.100064027,-2.69E-06
-0.097400246,-2.69E-06
-0.09540241,-2.69E-06
-0.092738629,-2.69E-06
-0.090074848,-2.69E-06
-0.087411067,-2.69E-06
-0.085080259,-2.69E-06
-0.082749451,-2.69E-06
-0.08008567,-2.69E-06
-0.077421889,-2.69E-06
-0.074758108,-2.69E-06
-0.0724273,-2.69E-06
-0.070096491,-2.69E-06
-0.067765683,-2.69E-06
-0.06476893,-2.69E-06
-0.062438121,-2.69E-06
-0.060107313,-2.69E-06
-0.057443532,-2.69E-06
-0.054779751,-2.69E-06
-0.052448943,-2.69E-06
-0.050118135,-2.69E-06
-0.047787326,-2.69E-06
-0.045123545,-2.69E-06
-0.042459764,-2.69E-06
-0.039795984,-2.69E-06
-0.037465175,-2.69E-06
-0.035134367,-2.69E-06
-0.032470586,-2.69E-06
-0.029806805,-2.69E-06
-0.027143024,-2.69E-06
-0.024812216,-2.69E-06
-0.022481408,-2.69E-06
-0.019817627,-2.69E-06
-0.017486819,-2.69E-06
-0.014490065,-2.69E-06
-0.012492229,-2.69E-06
-0.010161421,-2.69E-06
-0.007164668,-2.69E-06
-0.004167914,-2.69E-06
-0.001837106,-6.33E-06
-0.000838188,-2.69E-06
0.001825593,-2.69E-06
0.004489374,-2.69E-06
0.007153155,-2.69E-06
0.009483963,-2.69E-06
0.011814771,-2.69E-06
0.014478552,-2.69E-06
0.017142333,-2.69E-06
0.019806114,-2.69E-06
0.022136922,-2.69E-06
0.024134758,-2.69E-06
0.026798539,-2.69E-06
0.02946232,-2.69E-06
0.031793128,-2.69E-06
0.034123937,-2.69E-06
0.03712069,-2.69E-06
0.039784471,-2.69E-06
0.042448252,-2.69E-06
0.044446088,-2.69E-06
0.046776896,-2.69E-06
0.049440677,-2.69E-06
0.052104458,-2.69E-06
0.054768239,-2.69E-06
0.057099047,-2.69E-06
0.059762828,-2.69E-06
0.062093636,-2.69E-06
0.064757417,-2.69E-06
0.067421198,-2.69E-06
0.06775417,-2.69E-06
0.069419033,-2.69E-06
0.071749842,-2.69E-06
0.074746595,-2.69E-06
0.077410376,-2.69E-06
0.080074157,-2.69E-06
0.082404965,-2.69E-06
0.084735774,-2.69E-06
0.087399555,-2.69E-06
0.089730363,-2.69E-06
0.092061171,-2.69E-06
0.094724952,-2.69E-06
0.097388733,-2.69E-06
0.100052514,-2.69E-06
0.102716295,-2.69E-06
0.10471413,-2.69E-06
0.107377911,-2.69E-06
0.110041692,-2.69E-06
0.112705473,-2.69E-06
0.114703309,-2.69E-06
0.117034117,-2.69E-06
0.119697898,-2.69E-06
0.122361679,-2.69E-06
0.125358432,-2.69E-06
0.127356268,-2.69E-06
0.129687076,-2.69E-06
0.132350857,-2.69E-06
0.135014638,-2.69E-06
0.137678419,-2.69E-06
0.139676255,-2.69E-06
0.142340036,-2.69E-06
0.145003817,-2.69E-06
0.147667598,-2.69E-06
0.149998406,-2.69E-06
0.152329214,-2.69E-06
0.154992995,-2.69E-06
0.157656776,-2.69E-06
0.160320557,-2.69E-06
0.16198542,-2.69E-06
0.164982173,-2.69E-06
0.167645954,-2.69E-06
0.170309735,-2.69E-06
0.172973516,-2.69E-06
0.174638379,-2.69E-06
0.177635133,-2.69E-06
0.180298914,-2.69E-06
0.182629722,-2.69E-06
0.185293503,-2.69E-06
0.187624311,-2.69E-06
0.190288092,-2.69E-06
0.1926189,-2.69E-06
0.195282681,-2.69E-06
0.197946462,-2.69E-06
0.199944298,-2.69E-06
0.202608079,-2.69E-06
0.20527186,-2.69E-06
0.207602668,-2.69E-06
0.209600504,-2.69E-06
0.212597257,-2.69E-06
0.215261038,-2.69E-06
0.217591846,-2.69E-06
0.219922655,-2.69E-06
0.222586435,-2.69E-06
0.225250216,-2.69E-06
0.227913997,-2.69E-06
0.230244806,-2.69E-06
0.232575614,-2.69E-06
0.234906422,-2.69E-06
0.237570203,-2.69E-06
0.240233984,-2.69E-06
0.242564792,-2.69E-06
0.244895601,-2.69E-06
0.247559381,-2.69E-06
0.250223162,-2.69E-06
0.252886943,-2.69E-06
0.255550724,-2.69E-06
0.25754856,-2.69E-06
0.259879368,-2.69E-06
0.262543149,-2.69E-06
0.265539903,-2.69E-06
0.267537738,-2.69E-06
0.270201519,-2.69E-06
0.272532327,-2.69E-06
0.275529081,-2.69E-06
0.277859889,-2.69E-06
0.279857725,-2.69E-06
0.282521506,-2.69E-06
0.285185287,-2.69E-06
0.28818204,-2.69E-06
0.290512848,-2.69E-06
0.292843657,-2.69E-06
0.295507438,-2.69E-06
0.298171219,-2.69E-06
0.300834999,9.44E-07
0.303165808,-2.69E-06
0.305496616,-2.69E-06
0.308160397,-2.69E-06
0.310824178,-2.69E-06
0.313487959,-2.69E-06
0.315485794,-2.69E-06
0.318149575,-2.69E-06
0.320480384,-2.69E-06
0.323477137,-2.69E-06
0.325142,-2.69E-06
0.328138754,-2.69E-06
0.330802535,-2.69E-06
0.333466316,-2.69E-06
0.336130096,-2.69E-06
0.338460905,-2.69E-06
0.340791713,-2.69E-06
0.343455494,-2.69E-06
0.346119275,-2.69E-06
0.348783056,-2.69E-06
0.350780891,-2.69E-06
0.353444672,-2.69E-06
0.356108453,-2.69E-06
0.358772234,-2.69E-06
0.361103042,-2.69E-06
0.363100878,-2.69E-06
0.365764659,-2.69E-06
0.36842844,-2.69E-06
0.371092221,-2.69E-06
0.373756002,-2.69E-06
0.375753837,-2.69E-06
0.378417618,-2.69E-06
0.381081399,-2.69E-06
0.383412207,-2.69E-06
0.385743016,-2.69E-06
0.388406797,-2.69E-06
0.391070578,-2.69E-06
0.393734358,-2.69E-06
0.396065167,-2.69E-06
0.398395975,-2.69E-06
0.401059756,-2.69E-06
0.403723537,-2.69E-06
0.406387318,-2.69E-06
0.408385153,-2.69E-06
0.411048934,-2.69E-06
0.413712715,-2.69E-06
0.416376496,-2.69E-06
0.419040277,-2.69E-06
0.421038113,-2.69E-06
0.423368921,-2.69E-06
0.426365675,-2.69E-06
0.429029455,-2.69E-06
0.431693236,-2.69E-06
0.433691072,-2.69E-06
0.436354853,-2.69E-06
0.439018634,-2.69E-06
0.441682415,9.44E-07
0.44368025,-2.69E-06
0.446344031,-2.69E-06
0.44867484,-2.69E-06
0.451338621,-2.69E-06
0.453669429,-2.69E-06
0.45633321,9.44E-07
0.458664018,-2.69E-06
0.461327799,-2.69E-06
0.464324552,-2.69E-06
0.466322388,-2.69E-06
0.468653196,-2.69E-06
0.471316977,-2.69E-06
0.473980758,-2.69E-06
0.476644539,-2.69E-06
0.478975347,-2.69E-06
0.481639128,-2.69E-06
0.483969937,-2.69E-06
0.486633718,-2.69E-06
0.489297498,-2.69E-06
0.491295334,9.44E-07
0.493959115,-2.69E-06
0.496622896,-2.69E-06
0.499286677,-2.69E-06
0.501284512,-2.69E-06
0.503948293,-2.69E-06
0.506612074,-2.69E-06
0.508942883,-2.69E-06
0.511939636,-2.69E-06
0.513604499,-2.69E-06
0.51626828,-2.69E-06
0.518932061,-2.69E-06
0.521595842,-2.69E-06
0.524592595,-2.69E-06
0.526590431,-2.69E-06
0.529254212,-2.69E-06
0.531917993,-2.69E-06
0.534581774,-2.69E-06
0.536912582,-2.69E-06
0.538910418,-2.69E-06
0.541574199,-2.69E-06
0.54423798,9.44E-07
0.54690176,-2.69E-06
0.549565541,9.44E-07
0.551563377,-2.69E-06
0.554227158,9.44E-07
0.556890939,-2.69E-06
0.558888775,-2.69E-06
0.561552555,9.44E-07
0.564216336,9.44E-07
0.566880117,-2.69E-06
0.569543898,-2.69E-06
0.571874706,-2.69E-06
0.574205515,9.44E-07
0.576536323,-2.69E-06
0.579200104,9.44E-07
0.581863885,-2.69E-06
0.58386172,-2.69E-06
0.586525501,-2.69E-06
0.589522255,9.44E-07
0.591853063,9.44E-07
0.594516844,-2.69E-06
0.596847652,-2.69E-06
0.599178461,9.44E-07
0.601842242,9.44E-07
0.604506022,-2.69E-06
0.607169803,9.44E-07
0.609167639,-2.69E-06
0.612164393,9.44E-07
0.614495201,9.44E-07
0.616826009,-2.69E-06
0.619156817,9.44E-07
0.621820598,9.44E-07
0.624484379,-2.69E-06
0.62714816,9.44E-07
0.629478968,9.44E-07
0.631476804,9.44E-07
0.634140585,9.44E-07
0.637137339,-2.69E-06
0.639801119,-2.69E-06
0.642131928,-2.69E-06
0.643130846,9.44E-07
0.644462736,-2.69E-06
0.647126517,-2.69E-06
0.649790298,9.44E-07
0.652454079,-2.69E-06
0.654784887,-2.69E-06
0.657448668,-2.69E-06
0.659779476,-2.69E-06
0.662443257,-2.69E-06
0.665107038,9.44E-07
0.667104874,-2.69E-06
0.669768655,9.44E-07
0.672099463,-2.69E-06
0.675096216,-2.69E-06
0.67809297,-2.69E-06
0.679757833,9.44E-07
0.682421614,9.44E-07
0.685085395,-2.69E-06
0.687749176,9.44E-07
0.689747011,9.44E-07
0.692410792,9.44E-07
0.695074573,-2.69E-06
0.697738354,9.44E-07
0.700402135,9.44E-07
0.702399971,9.44E-07
0.705063752,9.44E-07
0.70739456,9.44E-07
0.710391313,9.44E-07
0.712389149,9.44E-07
0.714719957,9.44E-07
0.717716711,9.44E-07
0.720047519,9.44E-07
0.723044273,9.44E-07
0.725042108,9.44E-07
0.727372917,9.44E-07
0.730036698,9.44E-07
0.732700478,9.44E-07
0.735364259,9.44E-07
0.737695068,-2.69E-06
0.740025876,-2.69E-06
0.742689657,-2.69E-06
0.745353438,-2.69E-06
0.747684246,9.44E-07
0.750015054,9.44E-07
0.752678835,9.44E-07
0.755342616,9.44E-07
0.757673424,9.44E-07
0.760004233,9.44E-07
0.762668014,9.44E-07
0.765331795,9.44E-07
0.767995575,9.44E-07
0.770659356,-2.69E-06
0.772657192,9.44E-07
0.774988,9.44E-07
0.777984754,9.44E-07
0.780648535,9.44E-07
0.783312316,9.44E-07
0.785310151,9.44E-07
0.78764096,9.44E-07
0.790304741,9.44E-07
0.792968521,9.44E-07
0.795632302,9.44E-07
0.797630138,9.44E-07
0.800293919,9.44E-07
0.8029577,9.44E-07
0.805621481,9.44E-07
0.807952289,9.44E-07
0.81061607,9.44E-07
0.812946878,9.44E-07
0.815943632,9.44E-07
0.817941467,9.44E-07
0.820272276,9.44E-07
0.822936057,9.44E-07
0.82593281,9.44E-07
0.828263618,9.44E-07
0.830261454,9.44E-07
0.832925235,9.44E-07
0.835589016,9.44E-07
0.837919824,9.44E-07
0.840583605,9.44E-07
0.842914413,9.44E-07
0.845578194,9.44E-07
0.847909003,9.44E-07
0.850572783,9.44E-07
0.853236564,9.44E-07
0.855567373,9.44E-07
0.858231154,9.44E-07
0.860894934,9.44E-07
0.863558715,9.44E-07
0.865556551,9.44E-07
0.868220332,9.44E-07
0.870884113,9.44E-07
0.873547894,9.44E-07
0.875878702,9.44E-07
0.877876538,9.44E-07
0.880873291,9.44E-07
0.8832041,9.44E-07
0.88586788,9.44E-07
0.888531661,9.44E-07
0.890529497,9.44E-07
0.893526251,9.44E-07
0.895857059,9.44E-07
0.89852084,9.44E-07
0.900851648,9.44E-07
0.903182456,9.44E-07
0.905846237,9.44E-07
0.908510018,9.44E-07
0.911173799,9.44E-07
0.913504607,9.44E-07
0.915502443,9.44E-07
0.918166224,9.44E-07
0.920830005,9.44E-07
0.92282784,9.44E-07
0.925491621,9.44E-07
0.928155402,9.44E-07
0.930819183,9.44E-07
0.933815937,9.44E-07
0.935813772,9.44E-07
0.938144581,9.44E-07
0.941141334,9.44E-07
0.943805115,9.44E-07
0.946468896,9.44E-07
0.948466732,9.44E-07
0.951130513,9.44E-07
0.953461321,9.44E-07
0.956125102,9.44E-07
0.958788883,9.44E-07
0.960786718,9.44E-07
0.963450499,9.44E-07
0.96611428,9.44E-07
0.968778061,9.44E-07
0.971441842,9.44E-07
0.97377265,9.44E-07
0.976103459,9.44E-07
0.978767239,9.44E-07
0.981098048,9.44E-07
0.983428856,9.44E-07
0.98642561,9.44E-07
0.98908939,9.44E-07
0.991753171,9.44E-07
0.99408398,9.44E-07
0.996414788,9.44E-07
0.999078569,9.44E-07
1.00174235,9.44E-07
1.004406131,9.44E-07
1.006403966,9.44E-07
1.008734775,9.44E-07
1.011731528,9.44E-07
1.014395309,9.44E-07
1.01705909,9.44E-07
1.019056926,9.44E-07
1.021720707,9.44E-07
1.024051515,9.44E-07
1.026715296,9.44E-07
1.029712049,9.44E-07
1.031709885,9.44E-07
1.034373666,9.44E-07
1.037037447,9.44E-07
1.039701228,9.44E-07
1.041366091,9.44E-07
1.044029872,9.44E-07
1.046693652,9.44E-07
1.049357433,9.44E-07
1.052021214,9.44E-07
1.05401905,4.58E-06
1.056682831,9.44E-07
1.059346612,9.44E-07
1.062010393,4.58E-06
1.064674174,4.58E-06
1.066672009,9.44E-07
1.06933579,9.44E-07
1.071999571,4.58E-06
1.074996325,9.44E-07
1.077327133,9.44E-07
1.079324969,9.44E-07
1.081988749,9.44E-07
1.08465253,9.44E-07
1.087316311,9.44E-07
1.089314147,9.44E-07
1.091977928,9.44E-07
1.094641709,4.58E-06
1.09730549,9.44E-07
1.099303325,9.44E-07
1.101967106,9.44E-07
1.104630887,9.44E-07
1.107294668,4.58E-06
1.109625476,9.44E-07
1.111956285,9.44E-07
1.114620066,9.44E-07
1.117283846,9.44E-07
1.119947627,9.44E-07
1.122611408,9.44E-07
1.124609244,9.44E-07
1.126940052,9.44E-07
1.129603833,9.44E-07
1.132267614,9.44E-07
1.134931395,4.58E-06
1.136929231,4.58E-06
1.139593012,4.58E-06
1.142589765,4.58E-06
1.144920573,9.44E-07
1.147917327,9.44E-07
1.149915163,4.58E-06
1.152245971,4.58E-06
1.154909752,4.58E-06
1.157573533,4.58E-06
1.159904341,4.58E-06
1.162568122,9.44E-07
1.16489893,9.44E-07
1.167562711,4.58E-06
1.169893519,4.58E-06
1.171891355,4.58E-06
1.174888108,4.58E-06
1.177218917,4.58E-06
1.18021567,4.58E-06
1.182546479,4.58E-06
1.184877287,4.58E-06
1.187541068,4.58E-06
1.190204849,4.58E-06
1.19286863,9.44E-07
1.194866465,4.58E-06
1.197530246,4.58E-06
1.199861054,4.58E-06
1.202524835,4.58E-06
1.205521589,4.58E-06
1.207519425,4.58E-06
1.210183205,4.58E-06
1.212514014,4.58E-06
1.215510767,4.58E-06
1.21717563,9.44E-07
1.217508603,9.44E-07
1.220172384,9.44E-07
1.222836165,4.58E-06
1.225499946,4.58E-06
1.228163727,9.44E-07
1.230161562,9.44E-07
1.232825343,9.44E-07
1.235489124,9.44E-07
1.238152905,9.44E-07
1.240483713,9.44E-07
1.242481549,4.58E-06
1.24514533,9.44E-07
1.248142083,9.44E-07
1.250805864,9.44E-07
1.253136673,9.44E-07
1.255134508,9.44E-07
1.257798289,9.44E-07
1.26046207,9.44E-07
1.263125851,9.44E-07
1.265456659,9.44E-07
1.267787468,4.58E-06
1.270451248,9.44E-07
1.273115029,9.44E-07
1.275445838,4.58E-06
1.278109619,4.58E-06
1.280440427,9.44E-07
1.283104208,9.44E-07
1.285767989,4.58E-06
1.287765824,4.58E-06
1.290429605,4.58E-06
1.293093386,4.58E-06
1.295757167,9.44E-07
1.298087975,4.58E-06
1.300418784,4.58E-06
1.302749592,4.58E-06
1.305413373,9.44E-07
1.308077154,9.44E-07
1.310740935,4.58E-06
1.313071743,9.44E-07
1.315735524,9.44E-07
1.318399305,4.58E-06
1.321063086,9.44E-07
1.323726866,9.44E-07
1.325724702,9.44E-07
1.328388483,9.44E-07
1.331052264,9.44E-07
1.333383072,9.44E-07
1.335380908,9.44E-07
1.338377661,4.58E-06
1.34070847,4.58E-06
1.343372251,4.58E-06
1.345703059,9.44E-07
1.348033867,4.58E-06
1.350697648,4.58E-06
1.353694402,4.58E-06
1.356358183,9.44E-07
1.358356018,9.44E-07
1.360686827,4.58E-06
1.363350607,9.44E-07
1.366014388,9.44E-07
1.368678169,9.44E-07
1.371008978,9.44E-07
1.373672758,4.58E-06
1.376336539,4.58E-06
1.378667348,9.44E-07
1.381331129,4.58E-06
1.383328964,9.44E-07
1.385992745,9.44E-07
1.388656526,4.58E-06
1.391320307,4.58E-06
1.393318143,4.58E-06
1.395981923,4.58E-06
1.398645704,4.58E-06
1.401642458,4.58E-06
1.403973266,4.58E-06
1.405971102,4.58E-06
1.408634883,4.58E-06
1.411298664,4.58E-06
1.413962445,4.58E-06
1.416293253,4.58E-06
1.418624061,4.58E-06
1.421287842,4.58E-06
1.423951623,4.58E-06
1.426282431,4.58E-06
1.428946212,4.58E-06
1.430944048,4.58E-06
1.433607829,4.58E-06
1.43627161,4.58E-06
1.438935391,4.58E-06
1.441266199,4.58E-06
1.443597007,4.58E-06
1.446260788,4.58E-06
1.448924569,4.58E-06
1.451255377,4.58E-06
1.453586186,9.44E-07
1.456249966,4.58E-06
1.458913747,4.58E-06
1.461910501,4.58E-06
1.463908337,4.58E-06
1.466239145,4.58E-06
1.468902926,4.58E-06
1.471566707,4.58E-06
1.474230488,4.58E-06
1.476228323,4.58E-06
1.478559132,4.58E-06
1.481555885,4.58E-06
1.484219666,4.58E-06
1.486883447,4.58E-06
1.488881283,4.58E-06
1.491545063,4.58E-06
1.494208844,4.58E-06
1.496539653,4.58E-06
1.499536406,4.58E-06
1.501534242,4.58E-06
1.504530995,4.58E-06
1.506861804,4.58E-06
1.509192612,4.58E-06
1.511190448,4.58E-06
1.514187201,4.58E-06
1.516850982,4.58E-06
1.51918179,4.58E-06
1.521512599,4.58E-06
1.524176379,4.58E-06
1.526507188,4.58E-06
1.529170969,4.58E-06
1.53183475,4.58E-06
1.534165558,4.58E-06
1.536163394,4.58E-06
1.539160147,4.58E-06
1.541823928,4.58E-06
1.544820681,4.58E-06
1.546818517,4.58E-06
1.549149325,4.58E-06
1.551813106,4.58E-06
1.554476887,4.58E-06
1.556807696,4.58E-06
1.559138504,4.58E-06
1.561469312,4.58E-06
1.564133093,4.58E-06
1.567129847,4.58E-06
1.56879471,4.58E-06
1.571458491,4.58E-06
1.574122271,4.58E-06
1.576786052,4.58E-06
1.579449833,4.58E-06
1.581447669,4.58E-06
1.58411145,4.58E-06
1.587108203,4.58E-06
1.589439012,4.58E-06
1.592102793,4.58E-06
1.594100628,4.58E-06
1.596431436,4.58E-06
1.599095217,4.58E-06
1.601758998,4.58E-06
1.604089807,4.58E-06
1.606753587,4.58E-06
1.609417368,4.58E-06
1.612081149,4.58E-06
1.614411958,4.58E-06
1.616742766,4.58E-06
1.619073574,4.58E-06
1.621737355,4.58E-06
1.624401136,4.58E-06
1.626731944,4.58E-06
1.629062753,4.58E-06
1.631726533,4.58E-06
1.634057342,4.58E-06
1.637054095,4.58E-06
1.639384904,4.58E-06
1.641715712,4.58E-06
1.64404652,4.58E-06
1.647043274,4.58E-06
1.649707055,4.58E-06
1.65170489,4.58E-06
1.654368671,4.58E-06
1.657032452,4.58E-06
1.659696233,4.58E-06
1.662360014,4.58E-06
1.66435785,4.58E-06
1.66702163,4.58E-06
1.669685411,4.58E-06
1.672349192,4.58E-06
1.675012973,4.58E-06
1.677010809,4.58E-06
1.67967459,4.58E-06
1.682338371,4.58E-06
1.684669179,4.58E-06
1.686667015,4.58E-06
1.689663768,4.58E-06
1.691994576,4.58E-06
1.694658357,4.58E-06
1.696989166,4.58E-06
1.699652947,4.58E-06
1.701983755,4.58E-06
1.704647536,4.58E-06
1.707311317,4.58E-06
1.709642125,4.58E-06
1.711972933,4.58E-06
1.714636714,4.58E-06
1.717300495,4.58E-06
1.719964276,4.58E-06
1.721962112,4.58E-06
1.724625892,4.58E-06
1.726956701,4.58E-06
1.729953454,4.58E-06
1.732284263,4.58E-06
1.734615071,4.58E-06
1.736945879,4.58E-06
1.739942633,8.22E-06
1.742273441,4.58E-06
1.744604249,4.58E-06
1.746935058,4.58E-06
1.749931811,4.58E-06
1.752262619,4.58E-06
1.755259373,4.58E-06
1.756924236,4.58E-06
1.759588017,4.58E-06
1.762251798,4.58E-06
1.764915579,4.58E-06
1.767246387,4.58E-06
1.769577195,4.58E-06
1.772240976,4.58E-06
1.774904757,4.58E-06
1.777568538,4.58E-06
1.779899346,4.58E-06
1.782230155,4.58E-06
1.784560963,4.58E-06
1.787224744,4.58E-06
1.790221497,4.58E-06
1.792552306,4.58E-06
1.793218251,4.58E-06
1.794883114,4.58E-06
1.797546895,4.58E-06
1.800210676,4.58E-06
1.802541484,4.58E-06
1.804872292,4.58E-06
1.807536073,4.58E-06
1.810199854,4.58E-06
1.812863635,4.58E-06
1.814861471,4.58E-06
1.817525251,4.58E-06
1.820189032,4.58E-06
1.822852813,8.22E-06
1.825183622,8.22E-06
1.827181457,4.58E-06
1.829845238,4.58E-06
1.832509019,8.22E-06
1.835505773,4.58E-06
1.837836581,4.58E-06
1.839834417,4.58E-06
1.84283117,4.58E-06
1.845494951,4.58E-06
1.847492787,4.58E-06
1.850156568,4.58E-06
1.852154403,4.58E-06
1.854818184,4.58E-06
1.857481965,4.58E-06
1.859812773,4.58E-06
1.862143582,4.58E-06
1.864807363,4.58E-06
1.867471143,4.58E-06
1.870134924,4.58E-06
1.872465733,4.58E-06
1.874796541,4.58E-06
1.877460322,4.58E-06
1.880124103,4.58E-06
1.882787884,4.58E-06
1.885118692,8.22E-06
1.8874495,4.58E-06
1.890113281,4.58E-06
1.892777062,8.22E-06
1.895440843,4.58E-06
1.897438679,4.58E-06
1.90010246,4.58E-06
1.902433268,8.22E-06
1.905430021,4.58E-06
1.90776083,4.58E-06
1.910091638,4.58E-06
1.912755419,4.58E-06
1.915086227,4.58E-06
1.917750008,4.58E-06
1.920413789,8.22E-06
1.922744597,8.22E-06
1.925075405,4.58E-06
1.927739186,4.58E-06
1.930402967,4.58E-06
1.932400803,8.22E-06
1.935064584,8.22E-06
1.937728365,4.58E-06
1.940059173,4.58E-06
1.942722954,8.22E-06
1.94472079,8.22E-06
1.947384571,8.22E-06
1.950048351,8.22E-06
1.952712132,4.58E-06
1.955042941,4.58E-06
1.957373749,8.22E-06
1.96003753,4.58E-06
1.962368338,4.58E-06
1.965365092,4.58E-06
1.9676959,4.58E-06
1.970026708,8.22E-06
1.972690489,8.22E-06
1.97535427,8.22E-06
1.978018051,4.58E-06
1.980348859,8.22E-06
1.982679668,8.22E-06
1.985343448,8.22E-06
1.988007229,8.22E-06
1.990005065,8.22E-06
1.992668846,8.22E-06
1.995332627,8.22E-06
1.997996408,8.22E-06
2.000327216,4.58E-06
2.002658024,8.22E-06
2.005321805,8.22E-06
2.007985586,8.22E-06
2.010316394,4.58E-06
2.012980175,8.22E-06
2.014978011,8.22E-06
2.017641792,8.22E-06
2.020305573,8.22E-06
2.022969354,8.22E-06
2.025300162,8.22E-06
2.02763097,4.58E-06
2.030294751,4.58E-06
2.032958532,8.22E-06
2.035622313,8.22E-06
2.037953121,8.22E-06
2.04028393,8.22E-06
2.042614738,4.58E-06
2.045611491,4.58E-06
2.047609327,4.58E-06
2.049940135,4.58E-06
2.052603916,4.58E-06
2.05560067,8.22E-06
2.057931478,4.58E-06
2.060262286,4.58E-06
2.062593095,8.22E-06
2.065256876,8.22E-06
2.067920656,8.22E-06
2.070584437,8.22E-06
2.072582273,8.22E-06
2.075246054,8.22E-06
2.077909835,8.22E-06
2.080573616,8.22E-06
2.083237397,8.22E-06
2.085235232,8.22E-06
2.087899013,8.22E-06
2.090229821,4.58E-06
2.092893602,8.22E-06
2.095890356,8.22E-06
2.097888192,8.22E-06
2.100551973,8.22E-06
2.103215753,8.22E-06
2.105546562,4.58E-06
2.107544397,8.22E-06
2.110208178,8.22E-06
2.112871959,8.22E-06
2.11553574,8.22E-06
2.118199521,8.22E-06
2.120530329,8.22E-06
2.12319411,8.22E-06
2.125857891,8.22E-06
2.128188699,8.22E-06
2.130519508,8.22E-06
2.132850316,8.22E-06
2.135181124,8.22E-06
2.138177878,8.22E-06
2.140841659,8.22E-06
2.143172467,8.22E-06
2.145503275,8.22E-06
2.147834084,8.22E-06
2.150497864,8.22E-06
2.153161645,8.22E-06
2.155159481,8.22E-06
2.157823262,8.22E-06
2.160487043,8.22E-06
2.163150824,8.22E-06
2.165481632,8.22E-06
2.16781244,8.22E-06
2.170476221,8.22E-06
2.173140002,8.22E-06
2.176136756,8.22E-06
2.177801619,8.22E-06
2.180132427,8.22E-06
2.183129181,8.22E-06
2.185792961,8.22E-06
2.18812377,8.22E-06
2.190454578,8.22E-06
2.192785386,8.22E-06
2.19578214,8.22E-06
2.198112948,8.22E-06
2.200776729,8.22E-06
2.202774565,8.22E-06
2.205438346,8.22E-06
2.208102126,8.22E-06
2.210765907,8.22E-06
2.213096716,8.22E-06
2.215427524,8.22E-06
2.218091305,8.22E-06
2.220755086,8.22E-06
2.223085894,8.22E-06
2.225416702,8.22E-06
2.228080483,8.22E-06
2.230744264,8.22E-06
2.233075072,8.22E-06
2.235405881,8.22E-06
2.237736689,8.22E-06
2.24040047,8.22E-06
2.243064251,8.22E-06
2.245728032,8.22E-06
2.24805884,8.22E-06
2.250389648,8.22E-06
2.253053429,8.22E-06
2.25571721,8.22E-06
2.258048018,8.22E-06
2.260378827,8.22E-06
2.263042608,8.22E-06
2.265706389,8.22E-06
2.268370169,8.22E-06
2.270700978,8.22E-06
2.272698813,8.22E-06
2.275362594,8.22E-06
2.278026375,8.22E-06
2.280690156,8.22E-06
2.282687992,4.58E-06
2.285351773,8.22E-06
2.288015554,8.22E-06
2.291012307,8.22E-06
2.293343115,8.22E-06
2.295340951,8.22E-06
2.298004732,8.22E-06
2.300668513,8.22E-06
2.303332294,8.22E-06
2.305663102,8.22E-06
2.30799391,8.22E-06
2.310657691,8.22E-06
2.313321472,8.22E-06
2.315985253,8.22E-06
2.318316061,8.22E-06
2.320313897,8.22E-06
2.322977678,8.22E-06
2.325641459,8.22E-06
2.32830524,8.22E-06
2.330636048,8.22E-06
2.332966856,8.22E-06
2.33596361,8.22E-06
2.338294418,8.22E-06
2.340625226,8.22E-06
2.342956035,8.22E-06
2.345619816,8.22E-06
2.348283597,8.22E-06
2.350614405,8.22E-06
2.352945213,8.22E-06
2.355608994,8.22E-06
2.358272775,8.22E-06
2.360936556,8.22E-06
2.363267364,8.22E-06
2.3652652,8.22E-06
2.367928981,8.22E-06
2.368261953,8.22E-06
2.370925734,8.22E-06
2.373256543,8.22E-06
2.376253296,8.22E-06
2.378251132,8.22E-06
2.38058194,8.22E-06
2.383245721,8.22E-06
2.385909502,8.22E-06
2.388573283,8.22E-06
2.390904091,8.22E-06
2.393567872,8.22E-06
2.396231653,8.22E-06
2.398562461,8.22E-06
2.400560297,8.22E-06
2.403224078,8.22E-06
2.405887859,8.22E-06
2.408551639,8.22E-06
2.410882448,8.22E-06
2.413213256,8.22E-06
2.415877037,8.22E-06
2.418540818,8.22E-06
2.421204599,8.22E-06
2.423535407,8.22E-06
2.425866215,1.19E-05
2.428529996,8.22E-06
2.431193777,8.22E-06
2.433524585,8.22E-06
2.435855394,8.22E-06
2.438519175,8.22E-06
2.440849983,8.22E-06
2.443513764,8.22E-06
2.446177545,8.22E-06
2.44817538,8.22E-06
2.450839161,8.22E-06
2.453502942,8.22E-06
2.456166723,8.22E-06
2.458164559,8.22E-06
2.46082834,1.19E-05
2.463492121,8.22E-06
2.465822929,8.22E-06
2.46848671,8.22E-06
2.470817518,8.22E-06
2.473481299,8.22E-06
2.47614508,1.19E-05
2.478475888,8.22E-06
2.481472642,1.19E-05
2.483470477,8.22E-06
2.485801286,8.22E-06
2.488465067,1.19E-05
2.491128847,1.19E-05
2.493459656,1.19E-05
2.495790464,8.22E-06
2.498454245,8.22E-06
2.501118026,1.19E-05
2.503781807,1.19E-05
2.505779642,1.19E-05
2.507777478,1.19E-05
2.509442341,1.19E-05
2.508776396,1.55E-05
2.50677856,1.91E-05
2.508443423,1.91E-05
2.511107204,1.91E-05
2.513438013,1.91E-05
2.505113697,3.00E-05
2.496456409,4.10E-05
2.496456409,4.46E-05
2.496789382,4.82E-05
2.496456409,4.82E-05
2.496456409,5.19E-05
2.496456409,5.55E-05
2.496456409,5.55E-05
2.496456409,5.92E-05
2.496456409,6.28E-05
2.496456409,6.28E-05
2.496456409,6.64E-05
2.496456409,7.01E-05
2.496456409,7.01E-05
2.496456409,7.37E-05
2.496456409,7.73E-05
2.496456409,8.10E-05
2.496456409,8.10E-05
2.496456409,8.46E-05
2.496456409,8.46E-05
2.496456409,8.83E-05
2.496456409,9.19E-05
2.496456409,9.19E-05
2.496456409,9.55E-05
2.496789382,9.92E-05
2.496456409,0.000102805
2.496456409,0.000102805
2.496456409,0.000106443
2.496789382,0.000110081
2.496456409,0.000110081
2.496456409,0.000113719
2.496456409,0.000117357
2.496456409,0.000117357
2.496456409,0.000120994
2.496456409,0.000124632
2.496789382,0.000124632
2.496789382,0.00012827
2.496456409,0.000131908
2.496456409,0.000131908
2.496456409,0.000135546
2.496456409,0.000139184
2.496456409,0.000139184
2.496456409,0.000142822
2.496789382,0.00014646
2.496789382,0.000150098
2.496789382,0.000150098
2.496789382,0.000153735
2.496789382,0.000157373
2.496789382,0.000157373
2.496456409,0.000161011
2.496789382,0.000164649
2.496789382,0.000164649
2.496789382,0.000168287
2.496789382,0.000171925
2.496789382,0.000171925
2.496456409,0.000175563
2.496456409,0.000179201
2.496789382,0.000179201
2.496789382,0.000182839
2.496789382,0.000186476
2.496789382,0.000186476
2.496789382,0.000190114
2.496789382,0.000190114
2.496789382,0.000193752
2.496789382,0.00019739
2.496456409,0.000201028
2.496789382,0.000204666
2.496456409,0.000204666
2.496789382,0.000208304
2.496456409,0.000211942
2.496789382,0.000211942
2.496789382,0.00021558
2.496789382,0.000219218
2.496789382,0.000219218
2.496789382,0.000222855
2.496456409,0.000226493
2.496456409,0.000226493
2.496456409,0.000230131
2.496789382,0.000233769
2.496789382,0.000233769
2.496789382,0.000237407
2.496789382,0.000241045
2.496789382,0.000241045
2.496789382,0.000244683
2.496789382,0.000248321
2.496789382,0.000251959
2.496789382,0.000251959
2.496789382,0.000255596
2.496789382,0.000259234
2.496789382,0.000262872
2.496789382,0.000262872
2.496789382,0.00026651
2.496789382,0.00026651
2.496789382,0.000270148
2.496789382,0.000273786
2.496789382,0.000277424
2.496789382,0.000277424
2.496789382,0.000281062
2.496789382,0.0002847
2.496456409,0.0002847
2.496789382,0.000288337
2.496789382,0.000291975
2.496789382,0.000291975
2.496456409,0.000295613
2.496789382,0.000299251
2.496789382,0.000299251
2.496789382,0.000302889
2.496789382,0.000306527
2.496789382,0.000310165
2.496789382,0.000310165
2.496789382,0.000313803
2.496789382,0.000317441
2.496789382,0.000317441
2.496789382,0.000321079
2.496789382,0.000324716
2.496789382,0.000324716
2.496789382,0.000328354
2.496789382,0.000331992
2.497122355,0.000331992
2.496789382,0.00033563
2.496789382,0.00033563
2.496789382,0.000342906
2.496789382,0.000342906
2.496789382,0.000342906
2.496789382,0.000350182
2.496456409,0.000350182
2.496789382,0.00035382
2.496789382,0.00035382
2.496789382,0.000357457
2.496789382,0.000361095
2.496789382,0.000361095
2.496789382,0.000364733
2.496789382,0.000368371
2.496789382,0.000368371
2.496789382,0.000372009
2.496789382,0.000375647
2.496789382,0.000375647
2.496789382,0.000379285
2.496789382,0.000382923
2.496789382,0.000382923
2.496789382,0.000386561
2.496789382,0.000390198
2.497122355,0.000390198
2.496789382,0.000393836
2.496789382,0.000397474
2.496789382,0.000401112
2.497122355,0.000401112
2.496789382,0.00040475
2.496789382,0.00040475
2.496789382,0.000408388
2.497122355,0.000412026
2.496789382,0.000415664
2.497122355,0.000415664
2.496789382,0.000419302
2.496789382,0.00042294
2.497122355,0.00042294
2.496789382,0.000426577
2.496789382,0.000430215
2.497122355,0.000433853
2.496789382,0.000433853
2.497122355,0.000437491
2.496789382,0.000437491
2.496789382,0.000441129
2.496789382,0.000444767
2.496789382,0.000448405
2.496789382,0.000448405
2.496789382,0.000452043
2.496789382,0.000452043
2.497122355,0.000455681
2.496789382,0.000455681
2.497122355,0.000459318
2.497122355,0.000462956
2.496789382,0.000462956
2.497122355,0.000466594
2.496789382,0.000470232
2.497122355,0.000470232
2.497122355,0.00047387
2.497122355,0.000477508
2.497122355,0.000481146
2.497122355,0.000481146
2.497122355,0.000484784
2.497122355,0.000488422
2.496789382,0.000488422
2.497122355,0.00049206
2.497122355,0.000495697
2.497122355,0.000499335
2.496789382,0.000499335
2.497122355,0.000502973
2.497122355,0.000502973
2.497122355,0.000506611
2.496789382,0.000510249
2.497122355,0.000513887
2.497122355,0.000513887
2.497122355,0.000517525
2.497122355,0.000521163
2.497122355,0.000521163
2.497122355,0.000524801
2.497122355,0.000528438
2.497122355,0.000528438
2.496789382,0.000532076
2.497122355,0.000535714
2.496789382,0.000535714
2.497122355,0.000539352
2.497122355,0.00054299
2.497122355,0.000546628
2.497122355,0.000546628
2.497122355,0.000550266
2.497122355,0.000550266
2.497122355,0.000553904
2.497122355,0.000557542
2.497122355,0.000557542
2.497122355,0.000561179
2.497122355,0.000564817
2.497122355,0.000564817
2.497122355,0.000568455
2.497122355,0.000572093
2.497122355,0.000572093
2.497122355,0.000575731
2.497122355,0.000579369
2.497122355,0.000583007
2.496789382,0.000583007
2.497122355,0.000586645
2.497122355,0.000590283
2.497122355,0.000593921
2.496789382,0.000593921
2.497122355,0.000597558
2.497122355,0.000597558
2.497455327,0.000601196
2.497122355,0.000604834
2.497122355,0.000604834
2.497122355,0.000608472
2.497122355,0.00061211
2.497455327,0.00061211
2.497122355,0.000615748
2.497122355,0.000619386
2.497122355,0.000623024
2.497122355,0.000623024
2.497122355,0.000626662
2.497122355,0.000630299
2.497122355,0.000633937
2.497122355,0.000633937
2.497122355,0.000637575
2.497122355,0.000637575
2.497122355,0.000641213
2.497122355,0.000644851
2.497122355,0.000644851
2.497455327,0.000648489
2.497455327,0.000652127
2.497455327,0.000655765
2.497455327,0.000655765
2.497455327,0.000659403
2.497455327,0.000659403
2.497455327,0.00066304
2.497455327,0.000666678
2.497122355,0.000666678
2.497122355,0.000670316
2.497122355,0.000673954
2.497122355,0.000677592
2.497122355,0.000677592
2.497455327,0.00068123
2.497122355,0.00068123
2.497122355,0.000684868
2.497122355,0.000688506
2.497122355,0.000688506
2.497122355,0.000692144
2.497122355,0.000695782
2.497122355,0.000699419
2.497455327,0.000699419
2.497122355,0.000703057
2.497455327,0.000706695
2.497455327,0.000706695
2.497455327,0.000710333
2.497122355,0.000713971
2.497122355,0.000713971
2.497122355,0.000717609
2.497122355,0.000721247
2.497122355,0.000721247
2.497122355,0.000724885
2.497122355,0.000728523
2.497122355,0.00073216
2.497122355,0.00073216
2.497122355,0.000735798
2.497455327,0.000735798
2.497122355,0.000739436
2.497455327,0.000743074
2.497122355,0.000746712
2.497455327,0.00075035
2.497122355,0.00075035
2.497455327,0.000753988
2.497122355,0.000757626
2.497455327,0.000757626
2.497122355,0.000761264
2.497455327,0.000764901
2.497455327,0.000764901
2.497455327,0.000768539
2.497455327,0.000772177
2.497122355,0.000772177
2.497455327,0.000775815
2.497122355,0.000779453
2.497122355,0.000779453
2.497455327,0.000783091
2.497455327,0.000786729
2.497455327,0.000790367
2.497455327,0.000790367
2.497122355,0.000794005
2.497122355,0.000794005
2.497455327,0.000797643
2.497455327,0.00080128
2.497455327,0.00080128
2.497122355,0.000804918
2.497122355,0.000808556
2.497122355,0.000808556
2.497122355,0.000812194
2.497122355,0.000815832
2.497122355,0.00081947
2.497455327,0.00081947
2.497122355,0.000823108
2.497122355,0.000826746
2.497122355,0.000830384
2.497455327,0.000834021
2.497455327,0.000834021
2.497455327,0.000837659
2.497455327,0.000837659
2.497455327,0.000841297
2.497455327,0.000844935
2.497455327,0.000844935
2.4977883,0.000848573
2.497455327,0.000852211
2.497455327,0.000852211
2.497455327,0.000855849
2.497122355,0.000859487
2.497122355,0.000863125
2.497455327,0.000863125
2.497455327,0.000866763
2.497455327,0.000866763
2.497122355,0.0008704
2.497122355,0.000874038
2.497455327,0.000874038
2.497455327,0.000877676
2.497455327,0.000877676
2.497455327,0.000881314
2.497455327,0.000884952
2.497455327,0.00088859
2.497455327,0.00088859
2.497455327,0.000892228
2.497455327,0.000895866
2.497455327,0.000895866
2.497455327,0.000899504
2.497455327,0.000903141
2.497455327,0.000903141
2.497455327,0.000906779
2.497455327,0.000910417
2.497455327,0.000910417
2.497455327,0.000914055
2.497455327,0.000917693
2.497455327,0.000921331
2.497455327,0.000921331
2.497122355,0.000924969
2.497455327,0.000928607
2.497455327,0.000928607
2.497455327,0.000932245
2.497455327,0.000935882
2.497455327,0.000935882
2.497455327,0.00093952
2.497455327,0.000943158
2.497455327,0.000943158
2.497455327,0.000946796
2.497455327,0.000950434
2.497455327,0.000954072
2.497455327,0.000954072
2.497455327,0.00095771
2.497455327,0.000961348
2.497455327,0.000961348
2.497455327,0.000964986
2.497455327,0.000968624
2.497455327,0.000968624
2.497455327,0.000972261
2.497455327,0.000972261
2.497455327,0.000975899
2.497455327,0.000979537
2.497455327,0.000983175
2.4977883,0.000986813
2.4977883,0.000986813
2.4977883,0.000990451
2.4977883,0.000990451
2.4977883,0.000994089
2.497455327,0.000997727
2.4977883,0.001001365
2.4977883,0.001005002
2.497455327,0.001005002
2.4977883,0.001005002
2.4977883,0.00100864
2.497455327,0.001012278
2.497455327,0.001012278
2.497455327,0.001015916
2.4977883,0.001019554
2.497455327,0.001023192
2.4977883,0.00102683
2.4977883,0.00102683
2.4977883,0.00102683
2.4977883,0.00102683
2.4977883,0.001030468
2.4977883,0.001034106
2.4977883,0.001037743
2.4977883,0.001041381
2.497455327,0.001041381
2.4977883,0.001045019
2.4977883,0.001048657
2.4977883,0.001048657
2.4977883,0.001052295
2.497455327,0.001052295
2.497455327,0.001055933
2.4977883,0.001059571
2.4977883,0.001063209
2.4977883,0.001063209
2.4977883,0.001066847
2.4977883,0.001070485
2.4977883,0.001070485
2.497455327,0.001074122
2.4977883,0.00107776
2.4977883,0.00107776
2.4977883,0.001081398
2.4977883,0.001085036
2.4977883,0.001085036
2.4977883,0.001088674
2.497455327,0.001088674
2.4977883,0.001092312
2.4977883,0.00109595
2.4977883,0.001099588
2.4977883,0.001103226
2.497455327,0.001103226
2.4977883,0.001106863
2.4977883,0.001110501
2.497455327,0.001110501
2.497455327,0.001114139
2.497455327,0.001114139
2.497455327,0.001117777
2.4977883,0.001121415
2.4977883,0.001125053
2.4977883,0.001125053
2.4977883,0.001128691
2.4977883,0.001132329
2.4977883,0.001135967
2.497455327,0.001135967
2.4977883,0.001139604
2.4977883,0.001139604
2.4977883,0.001143242
2.4977883,0.00114688
2.4977883,0.00114688
2.4977883,0.001150518
2.4977883,0.001154156
2.4977883,0.001154156
2.4977883,0.001157794
2.4977883,0.001161432
2.4977883,0.00116507
2.4977883,0.00116507
2.4977883,0.001168708
2.4977883,0.001172346
2.4977883,0.001175983
2.4977883,0.001175983
2.4977883,0.001179621
2.4977883,0.001183259
2.4977883,0.001183259
2.4977883,0.001186897
2.4977883,0.001190535
2.4977883,0.001190535
2.4977883,0.001194173
2.4977883,0.001194173
2.4977883,0.001197811
2.4977883,0.001201449
2.4977883,0.001201449
2.4977883,0.001205087
2.4977883,0.001208724
2.4977883,0.001212362
2.4977883,0.001216
2.498121272,0.001216
2.4977883,0.001219638
2.498121272,0.001219638
2.4977883,0.001223276
2.4977883,0.001226914
2.4977883,0.001230552
2.4977883,0.001230552
2.498121272,0.00123419
2.4977883,0.00123419
2.4977883,0.001237828
2.498121272,0.001241466
2.4977883,0.001245103
2.4977883,0.001245103
2.498121272,0.001248741
2.4977883,0.001248741
2.4977883,0.001252379
2.498121272,0.001256017
2.4977883,0.001259655
2.4977883,0.001259655
2.498121272,0.001263293
2.498121272,0.001266931
2.4977883,0.001266931
2.498121272,0.001270569
2.4977883,0.001270569
2.4977883,0.001274207
2.4977883,0.001277844
2.4977883,0.001281482
2.4977883,0.001281482
2.498121272,0.00128512
2.498121272,0.001288758
2.498121272,0.001288758
2.4977883,0.001292396
2.4977883,0.001296034
2.4977883,0.001296034
2.4977883,0.001299672
2.498121272,0.00130331
2.498121272,0.001306948
2.4977883,0.001306948
2.498121272,0.001310585
2.498121272,0.001314223
2.4977883,0.001314223
2.4977883,0.001317861
2.4977883,0.001317861
2.4977883,0.001321499
2.4977883,0.001325137
2.498121272,0.001328775
2.4977883,0.001328775
2.498121272,0.001332413
2.498121272,0.001336051
2.498121272,0.001336051
2.498121272,0.001339689
2.498121272,0.001339689
2.4977883,0.001343327
2.4977883,0.001346964
2.4977883,0.001350602
2.4977883,0.001350602
2.498121272,0.00135424
2.4977883,0.001357878
2.4977883,0.001357878
2.4977883,0.001361516
2.498121272,0.001365154
2.4977883,0.001365154
2.4977883,0.001368792
2.4977883,0.00137243
2.4977883,0.001376068
2.498121272,0.001376068
2.498121272,0.001379705
2.4977883,0.001383343
2.4977883,0.001383343
2.498121272,0.001386981
2.4977883,0.001386981
2.498121272,0.001390619
2.498121272,0.001394257
2.498121272,0.001397895
2.498121272,0.001397895
2.498121272,0.001401533
2.498121272,0.001405171
2.498121272,0.001405171
2.498121272,0.001408809
2.498121272,0.001412446
2.498121272,0.001416084
2.498121272,0.001416084
2.498121272,0.001419722
2.498121272,0.00142336
2.4977883,0.00142336
2.498121272,0.001426998
2.498121272,0.001426998
2.498121272,0.001430636
2.498121272,0.001434274
2.498121272,0.001434274
2.498121272,0.001437912
2.498121272,0.00144155
2.498121272,0.001445188
2.498121272,0.001445188
2.498121272,0.001448825
2.498454245,0.001452463
2.498121272,0.001452463
2.498454245,0.001456101
2.498121272,0.001459739
2.498121272,0.001463377
2.498121272,0.001463377
2.498121272,0.001467015
2.498121272,0.001470653
2.498121272,0.001470653
2.498121272,0.001474291
2.498121272,0.001477929
2.498121272,0.001477929
2.498121272,0.001481566
2.498121272,0.001485204
2.498121272,0.001485204
2.498121272,0.001488842
2.498121272,0.00149248
2.498121272,0.00149248
2.498454245,0.001496118
2.498454245,0.001499756
2.498121272,0.001499756
2.498454245,0.001503394
2.498121272,0.001507032
2.498121272,0.00151067
2.498121272,0.00151067
2.498121272,0.001514307
2.498121272,0.001517945
2.498121272,0.001517945
2.498121272,0.001521583
2.498121272,0.001525221
2.498454245,0.001525221
2.498121272,0.001528859
2.498454245,0.001532497
2.498121272,0.001532497
2.498121272,0.001536135
2.498121272,0.001539773
2.498121272,0.001539773
2.498121272,0.001543411
2.498121272,0.001547049
2.498454245,0.001547049
2.498121272,0.001550686
2.498121272,0.001554324
2.498121272,0.001557962
2.498121272,0.001557962
2.498121272,0.0015616
2.498121272,0.0015616
2.498121272,0.001565238
2.498121272,0.001568876
2.498121272,0.001572514
2.498121272,0.001572514
2.498454245,0.001576152
2.498454245,0.001576152
2.498121272,0.00157979
2.498121272,0.001583427
2.498454245,0.001587065
2.498454245,0.001587065
2.498121272,0.001590703
2.498121272,0.001594341
2.498454245,0.001594341
2.498454245,0.001594341
2.498121272,0.001597979
2.498121272,0.001597979
2.498121272,0.001601617
2.498454245,0.001605255
2.498454245,0.001605255
2.498121272,0.001608893
2.498454245,0.001612531
2.498454245,0.001616169
2.498454245,0.001619806
2.498454245,0.001619806
2.498454245,0.001623444
2.498454245,0.001623444
2.498454245,0.001627082
2.498121272,0.00163072
2.498454245,0.00163072
2.498454245,0.001634358
2.498454245,0.001637996
2.498454245,0.001641634
2.498121272,0.001641634
2.498121272,0.001645272
2.498454245,0.00164891
2.498454245,0.001652547
2.498121272,0.001652547
2.498121272,0.001656185
2.498454245,0.001656185
2.498454245,0.001659823
2.498454245,0.001663461
2.498454245,0.001663461
2.498454245,0.001667099
2.498121272,0.001667099
2.498454245,0.001670737
2.498454245,0.001674375
2.498454245,0.001678013
2.498454245,0.001678013
2.498121272,0.001681651
2.498454245,0.001685288
2.498454245,0.001688926
2.498121272,0.001688926
2.498121272,0.001692564
2.498454245,0.001696202
2.498454245,0.001696202
2.498454245,0.00169984
2.498454245,0.00169984
2.498121272,0.001703478
2.498121272,0.001707116
2.498454245,0.001710754
2.498121272,0.001710754
2.498121272,0.001714392
2.498454245,0.00171803
2.498454245,0.001721667
2.498454245,0.001721667
2.498454245,0.001725305
2.498454245,0.001728943
2.498454245,0.001728943
2.498454245,0.001732581
2.498454245,0.001732581
2.498454245,0.001736219
2.498454245,0.001739857
2.498454245,0.001743495
2.498454245,0.001743495
2.498454245,0.001747133
2.498454245,0.001750771
2.498454245,0.001750771
2.498454245,0.001754408
2.498454245,0.001758046
2.498454245,0.001758046
2.498454245,0.001761684
2.498454245,0.001765322
2.498454245,0.001765322
2.498454245,0.00176896
2.498454245,0.001772598
2.498454245,0.001776236
2.498787218,0.001776236
2.498787218,0.001779874
2.498454245,0.001779874
2.498454245,0.001783512
2.498454245,0.001787149
2.498454245,0.001787149
2.498454245,0.001790787
2.498454245,0.001794425
2.498454245,0.001794425
2.498787218,0.001798063
2.498787218,0.001801701
2.498454245,0.001801701
2.498787218,0.001805339
2.498787218,0.001808977
2.498454245,0.001808977
2.498454245,0.001812615
2.498454245,0.001816253
2.498787218,0.001819891
2.498454245,0.001819891
2.498454245,0.001823528
2.498454245,0.001827166
2.498454245,0.001827166
2.498454245,0.001830804
2.498454245,0.001830804
2.498454245,0.001834442
2.498454245,0.00183808
2.498454245,0.001841718
2.498454245,0.001845356
2.498454245,0.001845356
2.498454245,0.001848994
2.498454245,0.001848994
2.498454245,0.001852632
2.498454245,0.001856269
2.498454245,0.001856269
2.498787218,0.001859907
2.498787218,0.001863545
2.498787218,0.001867183
2.498787218,0.001867183
2.498454245,0.001870821
2.498454245,0.001874459
2.498454245,0.001874459
2.498454245,0.001878097
2.498454245,0.001878097
2.498454245,0.001881735
2.498454245,0.001885373
2.498454245,0.00188901
2.498454245,0.001892648
2.498454245,0.001892648
2.498787218,0.001896286
2.498454245,0.001896286
2.498454245,0.001899924
2.498787218,0.001903562
2.498454245,0.0019072
2.498454245,0.0019072
2.498787218,0.001910838
2.498787218,0.001914476
2.498787218,0.001914476
2.498454245,0.001918114
2.498454245,0.001921752
2.498454245,0.001921752
2.498454245,0.001925389
2.498787218,0.001929027
2.498454245,0.001932665
2.498454245,0.001932665
2.498454245,0.001936303
2.498454245,0.001939941
2.498454245,0.001939941
2.498454245,0.001943579
2.498454245,0.001947217
2.498787218,0.001947217
2.498454245,0.001950855
2.498787218,0.001954493
2.498787218,0.00195813
2.498454245,0.00195813
2.498787218,0.001961768
2.498787218,0.001961768
2.498787218,0.001965406
2.498787218,0.001969044
2.498454245,0.001969044
2.498787218,0.001972682
2.498787218,0.00197632
2.498454245,0.001979958
2.498454245,0.001979958
2.498787218,0.001983596
2.498454245,0.001987234
2.498787218,0.001987234
2.498787218,0.001990872
2.498787218,0.001994509
2.498787218,0.001994509
2.498787218,0.001998147
2.498454245,0.001998147
2.498787218,0.002001785
2.498787218,0.002005423
2.498787218,0.002009061
2.498787218,0.002009061
2.498787218,0.002012699
2.498787218,0.002016337
2.498454245,0.002016337
2.498454245,0.002019975
2.498787218,0.002023613
2.498787218,0.00202725
2.498787218,0.00202725
2.498787218,0.002030888
2.498787218,0.002034526
2.498787218,0.002034526
2.498787218,0.002038164
2.498787218,0.002041802
2.498787218,0.002041802
2.498787218,0.00204544
2.498787218,0.002049078
2.498787218,0.002049078
2.498787218,0.002052716
2.498787218,0.002056354
2.498787218,0.002059991
2.498787218,0.002059991
2.498787218,0.002063629
2.498787218,0.002067267
2.498787218,0.002067267
2.498787218,0.002070905
2.498787218,0.002074543
2.498787218,0.002074543
2.498787218,0.002078181
2.498787218,0.002081819
2.498787218,0.002081819
2.498787218,0.002085457
2.498787218,0.002089095
2.498787218,0.002089095
2.498787218,0.002092733
2.498787218,0.00209637
2.498787218,0.00209637
2.498787218,0.002100008
2.49912019,0.002103646
2.49912019,0.002107284
2.49912019,0.002107284
2.49912019,0.002110922
2.49912019,0.00211456
2.49912019,0.002118198
2.498787218,0.002118198
2.49912019,0.002121836
2.498787218,0.002121836
2.498787218,0.002125474
2.498787218,0.002129111
2.498787218,0.002132749
2.498787218,0.002132749
2.498787218,0.002136387
2.498787218,0.002136387
2.498787218,0.002140025
2.498787218,0.002143663
2.498787218,0.002143663
2.498787218,0.002147301
2.49912019,0.002150939
2.498787218,0.002154577
2.498787218,0.002154577
2.498787218,0.002158215
2.498787218,0.002161852
2.498787218,0.00216549
2.498787218,0.00216549
2.498787218,0.00216549
2.49912019,0.002169128
2.498787218,0.002172766
2.498787218,0.002172766
2.498787218,0.002176404
2.498787218,0.002180042
2.498787218,0.00218368
2.498787218,0.00218368
2.49912019,0.002187318
2.49912019,0.002190956
2.498787218,0.002190956
2.498787218,0.002194594
2.49912019,0.002198231
2.498787218,0.002198231
2.498787218,0.002201869
2.498787218,0.002201869
2.498787218,0.002205507
2.49912019,0.002209145
2.498787218,0.002212783
2.49912019,0.002212783
2.498787218,0.002216421
2.49912019,0.002220059
2.498787218,0.002220059
2.49912019,0.002223697
2.498787218,0.002227335
2.49912019,0.002227335
2.498787218,0.002230972
2.49912019,0.00223461
2.49912019,0.002238248
2.49912019,0.002238248
2.49912019,0.002241886
2.49912019,0.002241886
2.49912019,0.002245524
2.498787218,0.002249162
2.498787218,0.002249162
2.498787218,0.0022528
2.498787218,0.002256438
2.498787218,0.002260076
2.49912019,0.002260076
2.498787218,0.002263714
2.498787218,0.002263714
2.49912019,0.002267351
2.49912019,0.002270989
2.49912019,0.002270989
2.498787218,0.002274627
2.498787218,0.002278265
2.498787218,0.002278265
2.49912019,0.002281903
2.498787218,0.002281903
2.49912019,0.002285541
2.49912019,0.002289179
2.49912019,0.002289179
2.498787218,0.002292817
2.498787218,0.002296455
2.49912019,0.002300092
2.498787218,0.002300092
2.49912019,0.00230373
2.498787218,0.002307368
2.49912019,0.002307368
2.49912019,0.002311006
2.49912019,0.002314644
2.49912019,0.002314644
2.49912019,0.002318282
2.49912019,0.00232192
2.49912019,0.002325558
2.49912019,0.002325558
2.49912019,0.002329196
2.49912019,0.002329196
2.49912019,0.002332833
2.49912019,0.002336471
2.49912019,0.002340109
2.49912019,0.002340109
2.49912019,0.002343747
2.49912019,0.002347385
2.49912019,0.002347385
2.49912019,0.002351023
2.49912019,0.002354661
2.49912019,0.002358299
2.49912019,0.002358299
2.49912019,0.002361937
2.49912019,0.002361937
2.49912019,0.002365575
2.49912019,0.002369212
2.49912019,0.00237285
2.499453163,0.00237285
2.49912019,0.002376488
2.49912019,0.002380126
2.49912019,0.002380126
2.49912019,0.002383764
2.49912019,0.002383764
2.49912019,0.002387402
2.49912019,0.00239104
2.49912019,0.002394678
2.49912019,0.002398316
2.49912019,0.002398316
2.49912019,0.002401953
2.49912019,0.002405591
2.49912019,0.002409229
2.49912019,0.002409229
2.49912019,0.002412867
2.49912019,0.002412867
2.499453163,0.002416505
2.49912019,0.002420143
2.49912019,0.002423781
2.49912019,0.002423781
2.49912019,0.002427419
2.499453163,0.002427419
2.499453163,0.002431057
2.499453163,0.002434694
2.499453163,0.002434694
2.499453163,0.002438332
2.499453163,0.00244197
2.49912019,0.00244197
2.499453163,0.002445608
2.499453163,0.002449246
2.499453163,0.002452884
2.49912019,0.002452884
2.499453163,0.002456522
2.499453163,0.002456522
2.49912019,0.00246016
2.49912019,0.002463798
2.49912019,0.002463798
2.49912019,0.002467436
2.499453163,0.002471073
2.499453163,0.002474711
2.499453163,0.002474711
