Voltage(V),Current(A)
-1.874079567,-0.036936002
-1.874079566,-0.036936002
-1.874079563,-0.036936002
-1.874079559,-0.036936002
-1.87407955,-0.036936001
-1.874079537,-0.036936001
-1.874079518,-0.036936001
-1.874079494,-0.036936
-1.874079462,-0.036935999
-1.874079423,-0.036935998
-1.874079375,-0.036935997
-1.874079317,-0.036935995
-1.874079248,-0.036935993
-1.874079168,-0.036935991
-1.874079076,-0.036935988
-1.874078971,-0.036935985
-1.874078852,-0.036935982
-1.874078718,-0.036935978
-1.874078568,-0.036935974
-1.874078401,-0.036935969
-1.874078217,-0.036935964
-1.874078015,-0.036935958
-1.874077793,-0.036935952
-1.874077551,-0.036935945
-1.874077288,-0.036935938
-1.874077003,-0.03693593
-1.874076695,-0.036935921
-1.874076363,-0.036935912
-1.874076007,-0.036935902
-1.874075626,-0.036935891
-1.874075218,-0.03693588
-1.874074783,-0.036935867
-1.87407432,-0.036935854
-1.874073829,-0.036935841
-1.874073307,-0.036935826
-1.874072754,-0.03693581
-1.87407217,-0.036935794
-1.874071554,-0.036935777
-1.874070904,-0.036935758
-1.87407022,-0.036935739
-1.874069501,-0.036935719
-1.874068746,-0.036935698
-1.874067955,-0.036935675
-1.874067125,-0.036935652
-1.874066257,-0.036935628
-1.87406535,-0.036935602
-1.874064402,-0.036935576
-1.874063413,-0.036935548
-1.874062381,-0.036935519
-1.874061307,-0.036935489
-1.874060189,-0.036935457
-1.874059027,-0.036935424
-1.874057818,-0.036935391
-1.874056564,-0.036935355
-1.874055262,-0.036935319
-1.874053911,-0.036935281
-1.874052512,-0.036935241
-1.874051062,-0.036935201
-1.874049562,-0.036935158
-1.87404801,-0.036935115
-1.874046406,-0.03693507
-1.874044747,-0.036935023
-1.874043035,-0.036934975
-1.874041267,-0.036934925
-1.874039443,-0.036934874
-1.874037563,-0.036934821
-1.874035624,-0.036934767
-1.874033627,-0.03693471
-1.87403157,-0.036934653
-1.874029452,-0.036934593
-1.874027273,-0.036934532
-1.874025032,-0.036934469
-1.874022728,-0.036934404
-1.874020359,-0.036934337
-1.874017926,-0.036934269
-1.874015427,-0.036934199
-1.874012861,-0.036934127
-1.874010228,-0.036934053
-1.874007527,-0.036933977
-1.874004756,-0.036933899
-1.874001915,-0.036933819
-1.873999003,-0.036933737
-1.873996019,-0.036933653
-1.873992962,-0.036933567
-1.873989832,-0.036933479
-1.873986627,-0.036933389
-1.873983347,-0.036933297
-1.873979991,-0.036933203
-1.873976557,-0.036933106
-1.873973045,-0.036933007
-1.873969455,-0.036932906
-1.873965784,-0.036932803
-1.873962033,-0.036932698
-1.8739582,-0.03693259
-1.873954285,-0.03693248
-1.873950287,-0.036932367
-1.873946204,-0.036932253
-1.873942037,-0.036932136
-1.873937783,-0.036932016
-1.873933443,-0.036931894
-1.873929015,-0.036931769
-1.873924498,-0.036931642
-1.873919892,-0.036931513
-1.873915196,-0.036931381
-1.873910408,-0.036931246
-1.873905529,-0.036931109
-1.873900556,-0.036930969
-1.87389549,-0.036930827
-1.873890329,-0.036930682
-1.873885072,-0.036930534
-1.873879719,-0.036930384
-1.873874269,-0.03693023
-1.87386872,-0.036930074
-1.873863072,-0.036929916
-1.873857325,-0.036929754
-1.873851476,-0.03692959
-1.873845526,-0.036929422
-1.873839473,-0.036929252
-1.873833317,-0.036929079
-1.873827056,-0.036928903
-1.87382069,-0.036928724
-1.873814219,-0.036928542
-1.87380764,-0.036928357
-1.873800953,-0.036928169
-1.873794157,-0.036927978
-1.873787252,-0.036927784
-1.873780237,-0.036927587
-1.87377311,-0.036927386
-1.873765871,-0.036927183
-1.873758518,-0.036926976
-1.873751052,-0.036926766
-1.873743471,-0.036926553
-1.873735774,-0.036926337
-1.873727961,-0.036926117
-1.87372003,-0.036925894
-1.87371198,-0.036925668
-1.873703811,-0.036925438
-1.873695523,-0.036925205
-1.873687113,-0.036924969
-1.873678581,-0.036924729
-1.873669927,-0.036924486
-1.873661149,-0.036924239
-1.873652246,-0.036923989
-1.873643218,-0.036923735
-1.873634064,-0.036923477
-1.873624783,-0.036923216
-1.873615373,-0.036922952
-1.873605835,-0.036922684
-1.873596167,-0.036922412
-1.873586369,-0.036922137
-1.873576438,-0.036921857
-1.873566376,-0.036921574
-1.87355618,-0.036921288
-1.87354585,-0.036920997
-1.873535385,-0.036920703
-1.873524784,-0.036920405
-1.873514046,-0.036920103
-1.87350317,-0.036919798
-1.873492156,-0.036919488
-1.873481003,-0.036919174
-1.873469709,-0.036918857
-1.873458274,-0.036918535
-1.873446697,-0.03691821
-1.873434978,-0.03691788
-1.873423114,-0.036917547
-1.873411105,-0.036917209
-1.873398952,-0.036916868
-1.873386651,-0.036916522
-1.873374204,-0.036916172
-1.873361608,-0.036915818
-1.873348863,-0.03691546
-1.873335968,-0.036915097
-1.873322922,-0.03691473
-1.873309725,-0.036914359
-1.873296375,-0.036913984
-1.873282872,-0.036913604
-1.873269214,-0.03691322
-1.873255401,-0.036912832
-1.873241432,-0.036912439
-1.873227306,-0.036912042
-1.873213022,-0.036911641
-1.87319858,-0.036911235
-1.873183978,-0.036910824
-1.873169215,-0.036910409
-1.873154291,-0.03690999
-1.873139205,-0.036909565
-1.873123956,-0.036909137
-1.873108543,-0.036908703
-1.873092964,-0.036908265
-1.873077221,-0.036907823
-1.87306131,-0.036907376
-1.873045232,-0.036906924
-1.873028986,-0.036906467
-1.873012571,-0.036906005
-1.872995985,-0.036905539
-1.872979229,-0.036905068
-1.8729623,-0.036904592
-1.872945199,-0.036904111
-1.872927924,-0.036903626
-1.872910475,-0.036903135
-1.87289285,-0.03690264
-1.872875049,-0.036902139
-1.872857071,-0.036901634
-1.872838915,-0.036901123
-1.87282058,-0.036900608
-1.872802066,-0.036900087
-1.87278337,-0.036899562
-1.872764494,-0.036899031
-1.872745434,-0.036898495
-1.872726192,-0.036897954
-1.872706765,-0.036897408
-1.872687154,-0.036896857
-1.872667356,-0.0368963
-1.872647372,-0.036895739
-1.8726272,-0.036895172
-1.872606839,-0.036894599
-1.872586289,-0.036894021
-1.872565549,-0.036893438
-1.872544618,-0.03689285
-1.872523494,-0.036892256
-1.872502178,-0.036891657
-1.872480668,-0.036891052
-1.872458963,-0.036890442
-1.872437063,-0.036889826
-1.872414966,-0.036889205
-1.872392672,-0.036888578
-1.87237018,-0.036887946
-1.872347489,-0.036887308
-1.872324597,-0.036886665
-1.872301505,-0.036886015
-1.872278212,-0.036885361
-1.872254716,-0.0368847
-1.872231016,-0.036884034
-1.872207112,-0.036883362
-1.872183003,-0.036882684
-1.872158687,-0.036882
-1.872134165,-0.036881311
-1.872109435,-0.036880616
-1.872084496,-0.036879915
-1.872059348,-0.036879208
-1.872033989,-0.036878495
-1.872008419,-0.036877776
-1.871982637,-0.036877051
-1.871956642,-0.03687632
-1.871930432,-0.036875584
-1.871904008,-0.036874841
-1.871877368,-0.036874092
-1.871850512,-0.036873337
-1.871823438,-0.036872576
-1.871796145,-0.036871808
-1.871768634,-0.036871035
-1.871740902,-0.036870255
-1.871712949,-0.03686947
-1.871684775,-0.036868678
-1.871656378,-0.036867879
-1.871627757,-0.036867075
-1.871598911,-0.036866264
-1.871569841,-0.036865447
-1.871540544,-0.036864623
-1.87151102,-0.036863793
-1.871481268,-0.036862957
-1.871451287,-0.036862114
-1.871421076,-0.036861264
-1.871390635,-0.036860409
-1.871359962,-0.036859546
-1.871329057,-0.036858678
-1.871297918,-0.036857802
-1.871266545,-0.03685692
-1.871234938,-0.036856032
-1.871203094,-0.036855137
-1.871171014,-0.036854235
-1.871138696,-0.036853326
-1.87110614,-0.036852411
-1.871073344,-0.036851489
-1.871040308,-0.03685056
-1.87100703,-0.036849625
-1.870973511,-0.036848683
-1.870939749,-0.036847733
-1.870905743,-0.036846777
-1.870871492,-0.036845815
-1.870836996,-0.036844845
-1.870802253,-0.036843868
-1.870767263,-0.036842884
-1.870732025,-0.036841894
-1.870696538,-0.036840896
-1.870660801,-0.036839892
-1.870624813,-0.03683888
-1.870588573,-0.036837861
-1.870552081,-0.036836835
-1.870515336,-0.036835802
-1.870478336,-0.036834762
-1.870441081,-0.036833715
-1.87040357,-0.03683266
-1.870365801,-0.036831599
-1.870327776,-0.03683053
-1.870289491,-0.036829453
-1.870250947,-0.03682837
-1.870212142,-0.036827279
-1.870173076,-0.036826181
-1.870133748,-0.036825075
-1.870094157,-0.036823962
-1.870054301,-0.036822842
-1.870014181,-0.036821714
-1.869973795,-0.036820579
-1.869933143,-0.036819436
-1.869892223,-0.036818286
-1.869851035,-0.036817128
-1.869809577,-0.036815962
-1.86976785,-0.036814789
-1.869725851,-0.036813609
-1.869683581,-0.03681242
-1.869641038,-0.036811225
-1.869598221,-0.036810021
-1.86955513,-0.03680881
-1.869511763,-0.03680759
-1.86946812,-0.036806364
-1.8694242,-0.036805129
-1.869380002,-0.036803886
-1.869335525,-0.036802636
-1.869290769,-0.036801378
-1.869245731,-0.036800112
-1.869200413,-0.036798838
-1.869154811,-0.036797556
-1.869108927,-0.036796266
-1.869062758,-0.036794968
-1.869016305,-0.036793663
-1.868969565,-0.036792349
-1.868922539,-0.036791027
-1.868875225,-0.036789697
-1.868827623,-0.036788359
-1.868779731,-0.036787012
-1.868731548,-0.036785658
-1.868683075,-0.036784295
-1.86863431,-0.036782924
-1.868585251,-0.036781545
-1.868535899,-0.036780158
-1.868486253,-0.036778762
-1.86843631,-0.036777358
-1.868386072,-0.036775946
-1.868335535,-0.036774526
-1.868284701,-0.036773097
-1.868233568,-0.036771659
-1.868182135,-0.036770213
-1.868130401,-0.036768759
-1.868078365,-0.036767296
-1.868026027,-0.036765825
-1.867973385,-0.036764345
-1.867920439,-0.036762857
-1.867867187,-0.03676136
-1.86781363,-0.036759854
-1.867759766,-0.03675834
-1.867705593,-0.036756818
-1.867651112,-0.036755286
-1.867596322,-0.036753746
-1.867541221,-0.036752197
-1.867485809,-0.036750639
-1.867430084,-0.036749073
-1.867374046,-0.036747498
-1.867317695,-0.036745914
-1.867261028,-0.036744321
-1.867204046,-0.036742719
-1.867146747,-0.036741108
-1.867089131,-0.036739489
-1.867031196,-0.03673786
-1.866972942,-0.036736223
-1.866914368,-0.036734576
-1.866855473,-0.03673292
-1.866796256,-0.036731256
-1.866736716,-0.036729582
-1.866676853,-0.036727899
-1.866616665,-0.036726208
-1.866556152,-0.036724507
-1.866495312,-0.036722796
-1.866434146,-0.036721077
-1.866372651,-0.036719348
-1.866310827,-0.036717611
-1.866248674,-0.036715863
-1.86618619,-0.036714107
-1.866123374,-0.036712341
-1.866060226,-0.036710566
-1.865996745,-0.036708782
-1.865932929,-0.036706988
-1.865868779,-0.036705185
-1.865804292,-0.036703372
-1.865739469,-0.03670155
-1.865674308,-0.036699718
-1.865608809,-0.036697877
-1.86554297,-0.036696026
-1.865476791,-0.036694166
-1.86541027,-0.036692296
-1.865343408,-0.036690417
-1.865276202,-0.036688528
-1.865208653,-0.036686629
-1.865140759,-0.036684721
-1.865072519,-0.036682802
-1.865003933,-0.036680874
-1.864935,-0.036678937
-1.864865718,-0.036676989
-1.864796088,-0.036675032
-1.864726107,-0.036673065
-1.864655775,-0.036671088
-1.864585092,-0.036669101
-1.864514056,-0.036667105
-1.864442667,-0.036665098
-1.864370923,-0.036663081
-1.864298824,-0.036661055
-1.864226369,-0.036659018
-1.864153557,-0.036656971
-1.864080387,-0.036654915
-1.864006859,-0.036652848
-1.86393297,-0.036650771
-1.863858721,-0.036648684
-1.863784111,-0.036646587
-1.863709139,-0.036644479
-1.863633803,-0.036642362
-1.863558103,-0.036640234
-1.863482039,-0.036638096
-1.863405609,-0.036635948
-1.863328812,-0.036633789
-1.863251647,-0.03663162
-1.863174114,-0.036629441
-1.863096212,-0.036627251
-1.863017939,-0.036625051
-1.862939296,-0.03662284
-1.862860281,-0.036620619
-1.862780892,-0.036618388
-1.862701131,-0.036616146
-1.862620994,-0.036613893
-1.862540482,-0.03661163
-1.862459594,-0.036609357
-1.862378329,-0.036607073
-1.862296685,-0.036604778
-1.862214663,-0.036602472
-1.862132261,-0.036600156
-1.862049478,-0.036597829
-1.861966313,-0.036595492
-1.861882766,-0.036593143
-1.861798836,-0.036590784
-1.861714521,-0.036588415
-1.861629822,-0.036586034
-1.861544736,-0.036583642
-1.861459263,-0.03658124
-1.861373403,-0.036578827
-1.861287154,-0.036576402
-1.861200516,-0.036573967
-1.861113487,-0.036571521
-1.861026067,-0.036569064
-1.860938255,-0.036566596
-1.86085005,-0.036564116
-1.860761451,-0.036561626
-1.860672457,-0.036559125
-1.860583068,-0.036556612
-1.860493282,-0.036554089
-1.860403099,-0.036551554
-1.860312517,-0.036549008
-1.860221536,-0.036546451
-1.860130155,-0.036543882
-1.860038374,-0.036541303
-1.85994619,-0.036538712
-1.859853604,-0.036536109
-1.859760614,-0.036533496
-1.85966722,-0.036530871
-1.859573421,-0.036528234
-1.859479215,-0.036525587
-1.859384602,-0.036522927
-1.859289582,-0.036520257
-1.859194152,-0.036517575
-1.859098313,-0.036514881
-1.859002063,-0.036512176
-1.858905402,-0.036509459
-1.858808328,-0.03650673
-1.858710842,-0.03650399
-1.858612941,-0.036501239
-1.858514625,-0.036498476
-1.858415893,-0.036495701
-1.858316745,-0.036492914
-1.858217179,-0.036490116
-1.858117194,-0.036487305
-1.85801679,-0.036484483
-1.857915966,-0.03648165
-1.857814721,-0.036478804
-1.857713053,-0.036475947
-1.857610963,-0.036473077
-1.857508449,-0.036470196
-1.857405511,-0.036467303
-1.857302147,-0.036464398
-1.857198356,-0.036461481
-1.857094138,-0.036458552
-1.856989492,-0.036455611
-1.856884417,-0.036452657
-1.856778913,-0.036449692
-1.856672977,-0.036446715
-1.85656661,-0.036443725
-1.85645981,-0.036440724
-1.856352576,-0.03643771
-1.856244909,-0.036434684
-1.856136806,-0.036431646
-1.856028267,-0.036428595
-1.855919291,-0.036425533
-1.855809877,-0.036422457
-1.855700025,-0.03641937
-1.855589733,-0.03641627
-1.855479,-0.036413158
-1.855367827,-0.036410034
-1.855256211,-0.036406897
-1.855144151,-0.036403748
-1.855031648,-0.036400586
-1.8549187,-0.036397411
-1.854805307,-0.036394224
-1.854691466,-0.036391025
-1.854577179,-0.036387813
-1.854462442,-0.036384589
-1.854347257,-0.036381351
-1.854231621,-0.036378102
-1.854115535,-0.036374839
-1.853998996,-0.036371564
-1.853882005,-0.036368276
-1.85376456,-0.036364975
-1.85364666,-0.036361662
-1.853528305,-0.036358336
-1.853409494,-0.036354997
-1.853290226,-0.036351645
-1.853170499,-0.03634828
-1.853050314,-0.036344902
-1.852929669,-0.036341512
-1.852808563,-0.036338108
-1.852686996,-0.036334692
-1.852564966,-0.036331262
-1.852442472,-0.03632782
-1.852319515,-0.036324365
-1.852196092,-0.036320896
-1.852072204,-0.036317414
-1.851947849,-0.03631392
-1.851823026,-0.036310412
-1.851697734,-0.036306891
-1.851571973,-0.036303356
-1.851445741,-0.036299809
-1.851319038,-0.036296248
-1.851191863,-0.036292674
-1.851064215,-0.036289087
-1.850936094,-0.036285487
-1.850807497,-0.036281873
-1.850678425,-0.036278245
-1.850548876,-0.036274605
-1.85041885,-0.036270951
-1.850288345,-0.036267283
-1.850157362,-0.036263602
-1.850025898,-0.036259908
-1.849893954,-0.0362562
-1.849761527,-0.036252479
-1.849628618,-0.036248744
-1.849495225,-0.036244995
-1.849361348,-0.036241233
-1.849226986,-0.036237457
-1.849092137,-0.036233668
-1.848956802,-0.036229864
-1.848820978,-0.036226048
-1.848684665,-0.036222217
-1.848547863,-0.036218373
-1.84841057,-0.036214515
-1.848272786,-0.036210643
-1.848134509,-0.036206757
-1.847995739,-0.036202857
-1.847856475,-0.036198944
-1.847716716,-0.036195017
-1.847576461,-0.036191075
-1.847435709,-0.03618712
-1.84729446,-0.036183151
-1.847152712,-0.036179168
-1.847010464,-0.03617517
-1.846867717,-0.036171159
-1.846724468,-0.036167134
-1.846580717,-0.036163094
-1.846436463,-0.036159041
-1.846291706,-0.036154973
-1.846146443,-0.036150891
-1.846000675,-0.036146795
-1.845854401,-0.036142685
-1.845707619,-0.03613856
-1.845560329,-0.036134421
-1.84541253,-0.036130268
-1.845264221,-0.036126101
-1.845115402,-0.036121919
-1.84496607,-0.036117723
-1.844816226,-0.036113512
-1.844665868,-0.036109287
-1.844514996,-0.036105048
-1.844363609,-0.036100794
-1.844211705,-0.036096526
-1.844059285,-0.036092243
-1.843906346,-0.036087945
-1.843752889,-0.036083633
-1.843598912,-0.036079307
-1.843444415,-0.036074965
-1.843289396,-0.03607061
-1.843133855,-0.036066239
-1.842977791,-0.036061854
-1.842821202,-0.036057454
-1.842664089,-0.036053039
-1.84250645,-0.03604861
-1.842348284,-0.036044166
-1.84218959,-0.036039707
-1.842030368,-0.036035233
-1.841870617,-0.036030744
-1.841710335,-0.036026241
-1.841549523,-0.036021722
-1.841388178,-0.036017189
-1.841226301,-0.03601264
-1.841063889,-0.036008077
-1.840900943,-0.036003498
-1.840737462,-0.035998905
-1.840573444,-0.035994296
-1.840408889,-0.035989673
-1.840243796,-0.035985034
-1.840078163,-0.03598038
-1.839911991,-0.035975711
-1.839745278,-0.035971027
-1.839578023,-0.035966328
-1.839410225,-0.035961613
-1.839241885,-0.035956883
-1.839072999,-0.035952138
-1.838903569,-0.035947378
-1.838733592,-0.035942602
-1.838563069,-0.035937811
-1.838391998,-0.035933005
-1.838220378,-0.035928183
-1.838048208,-0.035923345
-1.837875488,-0.035918493
-1.837702216,-0.035913624
-1.837528392,-0.035908741
-1.837354015,-0.035903841
-1.837179084,-0.035898926
-1.837003598,-0.035893996
-1.836827556,-0.03588905
-1.836650958,-0.035884088
-1.836473801,-0.035879111
-1.836296087,-0.035874118
-1.836117813,-0.035869109
-1.835938979,-0.035864085
-1.835759584,-0.035859045
-1.835579627,-0.035853989
-1.835399107,-0.035848917
-1.835218023,-0.03584383
-1.835036375,-0.035838726
-1.834854161,-0.035833607
-1.834671381,-0.035828472
-1.834488033,-0.035823321
-1.834304118,-0.035818154
-1.834119633,-0.035812971
-1.833934579,-0.035807772
-1.833748953,-0.035802557
-1.833562756,-0.035797326
-1.833375987,-0.035792079
-1.833188644,-0.035786816
-1.833000726,-0.035781536
-1.832812234,-0.035776241
-1.832623165,-0.035770929
-1.832433519,-0.035765602
-1.832243296,-0.035760258
-1.832052494,-0.035754897
-1.831861112,-0.035749521
-1.83166915,-0.035744128
-1.831476606,-0.035738719
-1.83128348,-0.035733293
-1.831089771,-0.035727851
-1.830895478,-0.035722393
-1.8307006,-0.035716919
-1.830505136,-0.035711428
-1.830309085,-0.03570592
-1.830112447,-0.035700396
-1.82991522,-0.035694855
-1.829717405,-0.035689298
-1.829518998,-0.035683725
-1.829320001,-0.035678134
-1.829120412,-0.035672528
-1.82892023,-0.035666904
-1.828719454,-0.035661264
-1.828518084,-0.035655607
-1.828316118,-0.035649934
-1.828113556,-0.035644243
-1.827910396,-0.035638536
-1.827706638,-0.035632813
-1.827502282,-0.035627072
-1.827297325,-0.035621315
-1.827091767,-0.03561554
-1.826885608,-0.035609749
-1.826678846,-0.035603941
-1.826471481,-0.035598116
-1.826263511,-0.035592274
-1.826054937,-0.035586415
-1.825845756,-0.035580539
-1.825635968,-0.035574646
-1.825425572,-0.035568736
-1.825214567,-0.035562809
-1.825002953,-0.035556865
-1.824790729,-0.035550904
-1.824577892,-0.035544925
-1.824364444,-0.035538929
-1.824150382,-0.035532917
-1.823935707,-0.035526886
-1.823720416,-0.035520839
-1.82350451,-0.035514775
-1.823287987,-0.035508693
-1.823070846,-0.035502593
-1.822853087,-0.035496477
-1.822634708,-0.035490343
-1.822415709,-0.035484191
-1.822196089,-0.035478023
-1.821975847,-0.035471836
-1.821754982,-0.035465633
-1.821533494,-0.035459412
-1.82131138,-0.035453173
-1.821088641,-0.035446917
-1.820865276,-0.035440643
-1.820641284,-0.035434351
-1.820416663,-0.035428042
-1.820191413,-0.035421716
-1.819965533,-0.035415371
-1.819739022,-0.035409009
-1.81951188,-0.035402629
-1.819284104,-0.035396232
-1.819055696,-0.035389817
-1.818826653,-0.035383384
-1.818596974,-0.035376933
-1.81836666,-0.035370464
-1.818135708,-0.035363977
-1.817904119,-0.035357473
-1.81767189,-0.03535095
-1.817439022,-0.03534441
-1.817205514,-0.035337852
-1.816971364,-0.035331276
-1.816736571,-0.035324681
-1.816501136,-0.035318069
-1.816265056,-0.035311438
-1.816028331,-0.03530479
-1.81579096,-0.035298123
-1.815552943,-0.035291439
-1.815314278,-0.035284736
-1.815074964,-0.035278015
-1.814835001,-0.035271275
-1.814594387,-0.035264518
-1.814353123,-0.035257742
-1.814111206,-0.035250948
-1.813868636,-0.035244136
-1.813625412,-0.035237305
-1.813381534,-0.035230456
-1.813137,-0.035223588
-1.812891809,-0.035216702
-1.812645961,-0.035209798
-1.812399455,-0.035202875
-1.81215229,-0.035195934
-1.811904464,-0.035188974
-1.811655978,-0.035181996
-1.81140683,-0.035174999
-1.811157019,-0.035167984
-1.810906544,-0.03516095
-1.810655405,-0.035153897
-1.8104036,-0.035146826
-1.81015113,-0.035139736
-1.809897992,-0.035132627
-1.809644186,-0.0351255
-1.809389711,-0.035118354
-1.809134566,-0.035111189
-1.808878751,-0.035104005
-1.808622264,-0.035096803
-1.808365105,-0.035089581
-1.808107272,-0.035082341
-1.807848765,-0.035075082
-1.807589583,-0.035067804
-1.807329725,-0.035060507
-1.80706919,-0.03505319
-1.806807977,-0.035045855
-1.806546085,-0.035038501
-1.806283514,-0.035031128
-1.806020263,-0.035023736
-1.80575633,-0.035016325
-1.805491715,-0.035008895
-1.805226417,-0.035001445
-1.804960435,-0.034993976
-1.804693768,-0.034986488
-1.804426415,-0.034978981
-1.804158375,-0.034971455
-1.803889648,-0.034963909
-1.803620233,-0.034956344
-1.803350128,-0.03494876
-1.803079333,-0.034941157
-1.802807847,-0.034933534
-1.802535669,-0.034925891
-1.802262799,-0.03491823
-1.801989234,-0.034910548
-1.801714975,-0.034902848
-1.80144002,-0.034895128
-1.801164369,-0.034887388
-1.80088802,-0.034879629
-1.800610974,-0.03487185
-1.800333228,-0.034864052
-1.800054782,-0.034856234
-1.799775636,-0.034848396
-1.799495788,-0.034840539
-1.799215237,-0.034832662
-1.798933982,-0.034824765
-1.798652024,-0.034816849
-1.798369359,-0.034808913
-1.798085989,-0.034800957
-1.797801912,-0.034792981
-1.797517127,-0.034784985
-1.797231632,-0.03477697
-1.796945429,-0.034768935
-1.796658514,-0.034760879
-1.796370888,-0.034752804
-1.79608255,-0.034744709
-1.795793498,-0.034736594
-1.795503732,-0.034728459
-1.795213252,-0.034720304
-1.794922055,-0.034712128
-1.794630141,-0.034703933
-1.79433751,-0.034695718
-1.79404416,-0.034687482
-1.79375009,-0.034679227
-1.7934553,-0.034670951
-1.793159789,-0.034662655
-1.792863556,-0.034654338
-1.7925666,-0.034646002
-1.792268919,-0.034637645
-1.791970514,-0.034629268
-1.791671383,-0.03462087
-1.791371526,-0.034612453
-1.791070941,-0.034604015
-1.790769628,-0.034595556
-1.790467585,-0.034587077
-1.790164812,-0.034578578
-1.789861308,-0.034570058
-1.789557072,-0.034561517
-1.789252104,-0.034552956
-1.788946401,-0.034544375
-1.788639964,-0.034535773
-1.788332792,-0.03452715
-1.788024883,-0.034518507
-1.787716237,-0.034509843
-1.787406852,-0.034501158
-1.787096729,-0.034492453
-1.786785866,-0.034483727
-1.786474261,-0.03447498
-1.786161915,-0.034466213
-1.785848827,-0.034457424
-1.785534995,-0.034448615
-1.785220418,-0.034439785
-1.784905096,-0.034430935
-1.784589028,-0.034422063
-1.784272213,-0.03441317
-1.78395465,-0.034404257
-1.783636339,-0.034395322
-1.783317277,-0.034386366
-1.782997465,-0.03437739
-1.782676901,-0.034368392
-1.782355585,-0.034359374
-1.782033515,-0.034350334
-1.781710691,-0.034341273
-1.781387113,-0.034332191
-1.781062778,-0.034323088
-1.780737686,-0.034313963
-1.780411837,-0.034304818
-1.780085229,-0.034295651
-1.779757861,-0.034286463
-1.779429733,-0.034277254
-1.779100844,-0.034268023
-1.778771192,-0.034258771
-1.778440777,-0.034249498
-1.778109598,-0.034240203
-1.777777655,-0.034230887
-1.777444945,-0.034221549
-1.777111469,-0.03421219
-1.776777226,-0.03420281
-1.776442213,-0.034193408
-1.776106432,-0.034183984
-1.77576988,-0.034174539
-1.775432557,-0.034165072
-1.775094463,-0.034155584
-1.774755595,-0.034146074
-1.774415953,-0.034136543
-1.774075537,-0.034126989
-1.773734345,-0.034117414
-1.773392376,-0.034107818
-1.773049631,-0.034098199
-1.772706106,-0.034088559
-1.772361803,-0.034078897
-1.77201672,-0.034069213
-1.771670856,-0.034059508
-1.77132421,-0.03404978
-1.770976781,-0.03404003
-1.770628568,-0.034030259
-1.770279571,-0.034020466
-1.769929789,-0.03401065
-1.76957922,-0.034000813
-1.769227864,-0.033990954
-1.76887572,-0.033981072
-1.768522787,-0.033971169
-1.768169064,-0.033961243
-1.76781455,-0.033951296
-1.767459245,-0.033941326
-1.767103147,-0.033931334
-1.766746256,-0.03392132
-1.76638857,-0.033911283
-1.766030089,-0.033901225
-1.765670812,-0.033891144
-1.765310737,-0.033881041
-1.764949865,-0.033870915
-1.764588194,-0.033860767
-1.764225724,-0.033850597
-1.763862453,-0.033840404
-1.76349838,-0.033830189
-1.763133505,-0.033819952
-1.762767826,-0.033809692
-1.762401344,-0.033799409
-1.762034056,-0.033789104
-1.761665962,-0.033778777
-1.761297062,-0.033768427
-1.760927353,-0.033758054
-1.760556836,-0.033747659
-1.76018551,-0.033737241
-1.759813373,-0.033726801
-1.759440424,-0.033716337
-1.759066664,-0.033705851
-1.75869209,-0.033695343
-1.758316702,-0.033684811
-1.757940499,-0.033674257
-1.757563481,-0.03366368
-1.757185646,-0.03365308
-1.756806993,-0.033642457
-1.756427521,-0.033631812
-1.756047231,-0.033621143
-1.75566612,-0.033610452
-1.755284187,-0.033599737
-1.754901433,-0.033589
-1.754517856,-0.03357824
-1.754133454,-0.033567456
-1.753748228,-0.03355665
-1.753362177,-0.03354582
-1.752975298,-0.033534968
-1.752587593,-0.033524092
-1.752199058,-0.033513193
-1.751809695,-0.033502271
-1.751419501,-0.033491325
-1.751028477,-0.033480357
-1.75063662,-0.033469365
-1.750243931,-0.03345835
-1.749850408,-0.033447312
-1.74945605,-0.03343625
-1.749060856,-0.033425165
-1.748664827,-0.033414056
-1.748267959,-0.033402925
-1.747870254,-0.033391769
-1.747471709,-0.033380591
-1.747072325,-0.033369389
-1.746672099,-0.033358163
-1.746271032,-0.033346914
-1.745869122,-0.033335641
-1.745466368,-0.033324345
-1.74506277,-0.033313025
-1.744658326,-0.033301681
-1.744253037,-0.033290314
-1.743846899,-0.033278923
-1.743439914,-0.033267509
-1.74303208,-0.033256071
-1.742623396,-0.033244609
-1.742213861,-0.033233123
-1.741803474,-0.033221613
-1.741392235,-0.03321008
-1.740980142,-0.033198523
-1.740567194,-0.033186942
-1.740153392,-0.033175337
-1.739738733,-0.033163708
-1.739323217,-0.033152055
-1.738906843,-0.033140378
-1.738489611,-0.033128678
-1.738071518,-0.033116953
-1.737652565,-0.033105204
-1.73723275,-0.033093431
-1.736812072,-0.033081634
-1.736390532,-0.033069813
-1.735968127,-0.033057968
-1.735544856,-0.033046099
-1.73512072,-0.033034205
-1.734695716,-0.033022287
-1.734269845,-0.033010345
-1.733843105,-0.032998379
-1.733415495,-0.032986389
-1.732987015,-0.032974374
-1.732557663,-0.032962335
-1.732127438,-0.032950271
-1.731696341,-0.032938183
-1.731264369,-0.032926071
-1.730831522,-0.032913934
-1.730397799,-0.032901773
-1.729963199,-0.032889587
-1.729527721,-0.032877377
-1.729091365,-0.032865143
-1.728654129,-0.032852883
-1.728216012,-0.032840599
-1.727777014,-0.032828291
-1.727337134,-0.032815958
-1.72689637,-0.0328036
-1.726454722,-0.032791218
-1.72601219,-0.032778811
-1.725568771,-0.032766379
-1.725124465,-0.032753923
-1.724679272,-0.032741441
-1.72423319,-0.032728935
-1.723786219,-0.032716404
-1.723338357,-0.032703848
-1.722889604,-0.032691268
-1.722439958,-0.032678662
-1.721989419,-0.032666032
-1.721537987,-0.032653376
-1.721085659,-0.032640696
-1.720632435,-0.032627991
-1.720178315,-0.03261526
-1.719723297,-0.032602505
-1.71926738,-0.032589724
-1.718810564,-0.032576919
-1.718352848,-0.032564088
-1.71789423,-0.032551232
-1.71743471,-0.032538351
-1.716974287,-0.032525445
-1.71651296,-0.032512513
-1.716050728,-0.032499557
-1.71558759,-0.032486575
-1.715123546,-0.032473568
-1.714658593,-0.032460535
-1.714192733,-0.032447477
-1.713725962,-0.032434394
-1.713258282,-0.032421285
-1.71278969,-0.032408151
-1.712320186,-0.032394992
-1.711849769,-0.032381807
-1.711378438,-0.032368597
-1.710906193,-0.032355361
-1.710433031,-0.032342099
-1.709958953,-0.032328812
-1.709483957,-0.0323155
-1.709008042,-0.032302162
-1.708531209,-0.032288798
-1.708053455,-0.032275408
-1.707574779,-0.032261993
-1.707095182,-0.032248552
-1.706614661,-0.032235086
-1.706133217,-0.032221593
-1.705650848,-0.032208075
-1.705167553,-0.032194531
-1.704683331,-0.032180961
-1.704198182,-0.032167366
-1.703712104,-0.032153744
-1.703225097,-0.032140097
-1.70273716,-0.032126424
-1.702248291,-0.032112724
-1.70175849,-0.032098999
-1.701267757,-0.032085248
-1.700776089,-0.032071471
-1.700283486,-0.032057667
-1.699789948,-0.032043838
-1.699295473,-0.032029983
-1.698800061,-0.032016101
-1.69830371,-0.032002193
-1.697806419,-0.031988259
-1.697308189,-0.031974299
-1.696809017,-0.031960313
-1.696308903,-0.0319463
-1.695807846,-0.031932261
-1.695305845,-0.031918196
-1.694802899,-0.031904105
-1.694299008,-0.031889987
-1.69379417,-0.031875843
-1.693288384,-0.031861672
-1.69278165,-0.031847475
-1.692273966,-0.031833252
-1.691765332,-0.031819002
-1.691255747,-0.031804726
-1.69074521,-0.031790423
-1.690233719,-0.031776094
-1.689721275,-0.031761738
-1.689207876,-0.031747355
-1.688693521,-0.031732946
-1.688178209,-0.03171851
-1.68766194,-0.031704048
-1.687144712,-0.031689558
-1.686626525,-0.031675043
-1.686107378,-0.0316605
-1.685587269,-0.031645931
-1.685066198,-0.031631334
-1.684544164,-0.031616712
-1.684021166,-0.031602062
-1.683497203,-0.031587385
-1.682972275,-0.031572682
-1.682446379,-0.031557951
-1.681919516,-0.031543194
-1.681391685,-0.03152841
-1.680862883,-0.031513598
-1.680333112,-0.03149876
-1.679802369,-0.031483895
-1.679270654,-0.031469002
-1.678737966,-0.031454083
-1.678204304,-0.031439136
-1.677669667,-0.031424163
-1.677134054,-0.031409162
-1.676597464,-0.031394134
-1.676059896,-0.031379079
-1.67552135,-0.031363996
-1.674981825,-0.031348887
-1.674441318,-0.03133375
-1.673899831,-0.031318585
-1.673357361,-0.031303394
-1.672813908,-0.031288175
-1.672269471,-0.031272929
-1.671724049,-0.031257655
-1.671177641,-0.031242354
-1.670630246,-0.031227025
-1.670081863,-0.031211669
-1.669532491,-0.031196286
-1.66898213,-0.031180875
-1.668430779,-0.031165436
-1.667878436,-0.03114997
-1.6673251,-0.031134477
-1.666770771,-0.031118955
-1.666215448,-0.031103406
-1.66565913,-0.03108783
-1.665101816,-0.031072225
-1.664543505,-0.031056593
-1.663984196,-0.031040934
-1.663423888,-0.031025246
-1.662862581,-0.031009531
-1.662300272,-0.030993788
-1.661736963,-0.030978017
-1.66117265,-0.030962218
-1.660607335,-0.030946391
-1.660041015,-0.030930537
-1.659473689,-0.030914654
-1.658905358,-0.030898743
-1.658336019,-0.030882805
-1.657765673,-0.030866839
-1.657194317,-0.030850844
-1.656621952,-0.030834821
-1.656048576,-0.030818771
-1.655474188,-0.030802692
-1.654898788,-0.030786585
-1.654322374,-0.03077045
-1.653744945,-0.030754287
-1.653166502,-0.030738095
-1.652587042,-0.030721876
-1.652006564,-0.030705628
-1.651425069,-0.030689352
-1.650842554,-0.030673047
-1.65025902,-0.030656715
-1.649674464,-0.030640353
-1.649088887,-0.030623964
-1.648502287,-0.030607546
-1.647914663,-0.0305911
-1.647326014,-0.030574625
-1.64673634,-0.030558122
-1.64614564,-0.03054159
-1.645553912,-0.03052503
-1.644961156,-0.030508441
-1.64436737,-0.030491823
-1.643772555,-0.030475177
-1.643176708,-0.030458503
-1.642579829,-0.0304418
-1.641981918,-0.030425068
-1.641382972,-0.030408307
-1.640782992,-0.030391518
-1.640181976,-0.0303747
-1.639579923,-0.030357853
-1.638976832,-0.030340977
-1.638372704,-0.030324073
-1.637767535,-0.03030714
-1.637161327,-0.030290178
-1.636554077,-0.030273187
-1.635945784,-0.030256167
-1.635336449,-0.030239118
-1.63472607,-0.03022204
-1.634114645,-0.030204933
-1.633502175,-0.030187798
-1.632888657,-0.030170633
-1.632274092,-0.030153439
-1.631658478,-0.030136216
-1.631041815,-0.030118964
-1.630424101,-0.030101683
-1.629805335,-0.030084372
-1.629185517,-0.030067033
-1.628564646,-0.030049664
-1.62794272,-0.030032266
-1.627319739,-0.030014839
-1.626695702,-0.029997382
-1.626070608,-0.029979897
-1.625444455,-0.029962382
-1.624817244,-0.029944837
-1.624188973,-0.029927263
-1.623559641,-0.02990966
-1.622929247,-0.029892027
-1.622297791,-0.029874365
-1.62166527,-0.029856674
-1.621031686,-0.029838953
-1.620397035,-0.029821202
-1.619761319,-0.029803422
-1.619124535,-0.029785612
-1.618486682,-0.029767773
-1.617847761,-0.029749904
-1.617207769,-0.029732005
-1.616566706,-0.029714077
-1.615924571,-0.029696119
-1.615281363,-0.029678132
-1.614637081,-0.029660114
-1.613991724,-0.029642067
-1.613345292,-0.02962399
-1.612697782,-0.029605883
-1.612049195,-0.029587747
-1.61139953,-0.02956958
-1.610748785,-0.029551384
-1.610096959,-0.029533158
-1.609444052,-0.029514902
-1.608790063,-0.029496616
-1.60813499,-0.0294783
-1.607478833,-0.029459953
-1.606821591,-0.029441577
-1.606163263,-0.029423171
-1.605503847,-0.029404735
-1.604843344,-0.029386268
-1.604181752,-0.029367772
-1.603519069,-0.029349245
-1.602855297,-0.029330688
-1.602190432,-0.029312101
-1.601524474,-0.029293484
-1.600857423,-0.029274836
-1.600189278,-0.029256159
-1.599520036,-0.02923745
-1.598849699,-0.029218712
-1.598178264,-0.029199943
-1.59750573,-0.029181144
-1.596832097,-0.029162315
-1.596157364,-0.029143455
-1.59548153,-0.029124564
-1.594804594,-0.029105643
-1.594126555,-0.029086692
-1.593447411,-0.02906771
-1.592767163,-0.029048697
-1.592085808,-0.029029654
-1.591403347,-0.029010581
-1.590719778,-0.028991477
-1.5900351,-0.028972342
-1.589349313,-0.028953176
-1.588662415,-0.02893398
-1.587974405,-0.028914753
-1.587285283,-0.028895495
-1.586595047,-0.028876207
-1.585903697,-0.028856888
-1.585211231,-0.028837538
-1.58451765,-0.028818157
-1.58382295,-0.028798745
-1.583127133,-0.028779302
-1.582430196,-0.028759829
-1.58173214,-0.028740324
-1.581032962,-0.028720789
-1.580332662,-0.028701223
-1.579631239,-0.028681625
-1.578928692,-0.028661997
-1.578225021,-0.028642337
-1.577520223,-0.028622647
-1.576814299,-0.028602925
-1.576107247,-0.028583172
-1.575399066,-0.028563388
-1.574689756,-0.028543573
-1.573979315,-0.028523727
-1.573267742,-0.028503849
-1.572555037,-0.02848394
-1.571841199,-0.028464
-1.571126226,-0.028444029
-1.570410117,-0.028424026
-1.569692873,-0.028403992
-1.568974491,-0.028383927
-1.56825497,-0.02836383
-1.567534311,-0.028343702
-1.566812511,-0.028323542
-1.566089571,-0.028303351
-1.565365488,-0.028283128
-1.564640262,-0.028262874
-1.563913892,-0.028242588
-1.563186378,-0.028222271
-1.562457717,-0.028201922
-1.561727909,-0.028181542
-1.560996954,-0.02816113
-1.56026485,-0.028140686
-1.559531596,-0.02812021
-1.558797191,-0.028099703
-1.558061635,-0.028079164
-1.557324926,-0.028058594
-1.556587063,-0.028037991
-1.555848046,-0.028017357
-1.555107874,-0.027996691
-1.554366545,-0.027975993
-1.553624058,-0.027955263
-1.552880413,-0.027934502
-1.552135609,-0.027913708
-1.551389644,-0.027892882
-1.550642518,-0.027872025
-1.54989423,-0.027851135
-1.549144778,-0.027830214
-1.548394163,-0.02780926
-1.547642382,-0.027788274
-1.546889435,-0.027767256
-1.546135321,-0.027746207
-1.545380038,-0.027725124
-1.544623587,-0.02770401
-1.543865966,-0.027682864
-1.543107174,-0.027661685
-1.542347209,-0.027640474
-1.541586072,-0.027619231
-1.540823761,-0.027597955
-1.540060275,-0.027576648
-1.539295614,-0.027555308
-1.538529775,-0.027533935
-1.537762759,-0.02751253
-1.536994564,-0.027491093
-1.536225189,-0.027469623
-1.535454633,-0.027448121
-1.534682896,-0.027426586
-1.533909976,-0.027405019
-1.533135873,-0.027383419
-1.532360585,-0.027361787
-1.531584111,-0.027340122
-1.530806451,-0.027318425
-1.530027604,-0.027296694
-1.529247567,-0.027274932
-1.528466342,-0.027253136
-1.527683926,-0.027231308
-1.526900318,-0.027209447
-1.526115518,-0.027187554
-1.525329525,-0.027165627
-1.524542337,-0.027143668
-1.523753954,-0.027121676
-1.522964374,-0.027099651
-1.522173598,-0.027077593
-1.521381623,-0.027055503
-1.520588448,-0.027033379
-1.519794074,-0.027011223
-1.518998498,-0.026989033
-1.51820172,-0.026966811
-1.517403739,-0.026944555
-1.516604553,-0.026922267
-1.515804162,-0.026899945
-1.515002566,-0.02687759
-1.514199762,-0.026855202
-1.51339575,-0.026832781
-1.512590528,-0.026810327
-1.511784097,-0.02678784
-1.510976454,-0.02676532
-1.5101676,-0.026742766
-1.509357532,-0.026720179
-1.50854625,-0.026697558
-1.507733754,-0.026674905
-1.506920041,-0.026652218
-1.506105111,-0.026629498
-1.505288963,-0.026606744
-1.504471596,-0.026583957
-1.503653009,-0.026561136
-1.502833201,-0.026538282
-1.502012171,-0.026515395
-1.501189918,-0.026492474
-1.500366441,-0.02646952
-1.499541739,-0.026446532
-1.498715811,-0.02642351
-1.497888656,-0.026400455
-1.497060273,-0.026377366
-1.496230661,-0.026354244
-1.495399819,-0.026331087
-1.494567746,-0.026307898
-1.493734441,-0.026284674
-1.492899903,-0.026261417
-1.492064131,-0.026238126
-1.491227124,-0.026214801
-1.490388882,-0.026191442
-1.489549402,-0.02616805
-1.488708684,-0.026144623
-1.487866727,-0.026121163
-1.48702353,-0.026097669
-1.486179092,-0.026074141
-1.485333412,-0.026050579
-1.48448649,-0.026026983
-1.483638323,-0.026003353
-1.482788911,-0.025979689
-1.481938253,-0.025955991
-1.481086348,-0.025932259
-1.480233195,-0.025908492
-1.479378793,-0.025884692
-1.47852314,-0.025860857
-1.477666237,-0.025836989
-1.476808082,-0.025813086
-1.475948673,-0.025789149
-1.47508801,-0.025765177
-1.474226093,-0.025741171
-1.473362919,-0.025717131
-1.472498487,-0.025693057
-1.471632798,-0.025668949
-1.47076585,-0.025644806
-1.469897641,-0.025620628
-1.469028171,-0.025596416
-1.468157439,-0.02557217
-1.467285443,-0.025547889
-1.466412183,-0.025523574
-1.465537658,-0.025499224
-1.464661867,-0.02547484
-1.463784808,-0.025450421
-1.462906481,-0.025425968
-1.462026884,-0.02540148
-1.461146017,-0.025376957
-1.460263878,-0.0253524
-1.459380467,-0.025327808
-1.458495783,-0.025303181
-1.457609824,-0.02527852
-1.456722589,-0.025253824
-1.455834078,-0.025229093
-1.454944289,-0.025204327
-1.454053222,-0.025179527
-1.453160874,-0.025154691
-1.452267246,-0.025129821
-1.451372337,-0.025104916
-1.450476144,-0.025079976
-1.449578668,-0.025055001
-1.448679907,-0.025029991
-1.44777986,-0.025004946
-1.446878526,-0.024979866
-1.445975904,-0.024954751
-1.445071993,-0.024929601
-1.444166793,-0.024904416
-1.443260301,-0.024879195
-1.442352516,-0.02485394
-1.441443439,-0.024828649
-1.440533068,-0.024803324
-1.439621401,-0.024777963
-1.438708438,-0.024752566
-1.437794178,-0.024727135
-1.436878619,-0.024701668
-1.435961761,-0.024676166
-1.435043602,-0.024650629
-1.434124142,-0.024625056
-1.433203379,-0.024599448
-1.432281313,-0.024573805
-1.431357942,-0.024548126
-1.430433265,-0.024522411
-1.429507282,-0.024496662
-1.428579991,-0.024470876
-1.42765139,-0.024445055
-1.42672148,-0.024419199
-1.425790259,-0.024393307
-1.424857726,-0.02436738
-1.42392388,-0.024341417
-1.422988719,-0.024315418
-1.422052244,-0.024289383
-1.421114452,-0.024263313
-1.420175342,-0.024237207
-1.419234915,-0.024211066
-1.418293168,-0.024184889
-1.4173501,-0.024158676
-1.41640571,-0.024132427
-1.415459998,-0.024106142
-1.414512963,-0.024079822
-1.413564602,-0.024053465
-1.412614916,-0.024027073
-1.411663902,-0.024000645
-1.410711561,-0.02397418
-1.40975789,-0.02394768
-1.40880289,-0.023921144
-1.407846558,-0.023894572
-1.406888894,-0.023867964
-1.405929896,-0.02384132
-1.404969564,-0.023814639
-1.404007896,-0.023787923
-1.403044892,-0.02376117
-1.40208055,-0.023734381
-1.401114869,-0.023707557
-1.400147849,-0.023680695
-1.399179487,-0.023653798
-1.398209783,-0.023626864
-1.397238737,-0.023599895
-1.396266346,-0.023572888
-1.395292609,-0.023545846
-1.394317527,-0.023518767
-1.393341096,-0.023491652
-1.392363318,-0.0234645
-1.391384189,-0.023437312
-1.39040371,-0.023410088
-1.389421879,-0.023382827
-1.388438695,-0.023355529
-1.387454157,-0.023328195
-1.386468263,-0.023300825
-1.385481014,-0.023273418
-1.384492407,-0.023245974
-1.383502442,-0.023218494
-1.382511117,-0.023190977
-1.381518431,-0.023163423
-1.380524384,-0.023135833
-1.379528973,-0.023108206
-1.378532199,-0.023080543
-1.37753406,-0.023052842
-1.376534554,-0.023025105
-1.375533681,-0.022997331
-1.37453144,-0.02296952
-1.373527829,-0.022941673
-1.372522847,-0.022913788
-1.371516494,-0.022885867
-1.370508768,-0.022857909
-1.369499667,-0.022829913
-1.368489192,-0.022801881
-1.36747734,-0.022773812
-1.366464111,-0.022745706
-1.365449503,-0.022717563
-1.364433515,-0.022689382
-1.363416147,-0.022661165
-1.362397397,-0.02263291
-1.361377264,-0.022604619
-1.360355746,-0.02257629
-1.359332844,-0.022547924
-1.358308555,-0.022519521
-1.357282878,-0.022491081
-1.356255812,-0.022462603
-1.355227357,-0.022434088
-1.35419751,-0.022405536
-1.353166272,-0.022376947
-1.35213364,-0.02234832
-1.351099614,-0.022319656
-1.350064192,-0.022290954
-1.349027373,-0.022262215
-1.347989156,-0.022233439
-1.346949541,-0.022204625
-1.345908525,-0.022175774
-1.344866108,-0.022146885
-1.343822288,-0.022117959
-1.342777064,-0.022088995
-1.341730436,-0.022059994
-1.340682402,-0.022030955
-1.33963296,-0.022001878
-1.33858211,-0.021972764
-1.337529851,-0.021943612
-1.336476181,-0.021914422
-1.335421099,-0.021885195
-1.334364604,-0.02185593
-1.333306695,-0.021826627
-1.332247371,-0.021797286
-1.33118663,-0.021767908
-1.330124471,-0.021738491
-1.329060894,-0.021709037
-1.327995896,-0.021679545
-1.326929477,-0.021650015
-1.325861635,-0.021620448
-1.32479237,-0.021590842
-1.32372168,-0.021561198
-1.322649564,-0.021531517
-1.321576021,-0.021501797
-1.320501049,-0.021472039
-1.319424648,-0.021442243
-1.318346816,-0.021412409
-1.317267552,-0.021382537
-1.316186854,-0.021352627
-1.315104722,-0.021322679
-1.314021155,-0.021292692
-1.31293615,-0.021262668
-1.311849708,-0.021232605
-1.310761826,-0.021202504
-1.309672504,-0.021172364
-1.30858174,-0.021142187
-1.307489533,-0.021111971
-1.306395882,-0.021081716
-1.305300786,-0.021051424
-1.304204243,-0.021021093
-1.303106252,-0.020990723
-1.302006812,-0.020960315
-1.300905922,-0.020929869
-1.29980358,-0.020899384
-1.298699786,-0.020868861
-1.297594537,-0.020838299
-1.296487833,-0.020807698
-1.295379673,-0.020777059
-1.294270055,-0.020746382
-1.293158978,-0.020715666
-1.292046441,-0.020684911
-1.290932442,-0.020654117
-1.28981698,-0.020623285
-1.288700055,-0.020592414
-1.287581664,-0.020561505
-1.286461807,-0.020530556
-1.285340481,-0.020499569
-1.284217687,-0.020468543
-1.283093423,-0.020437479
-1.281967686,-0.020406375
-1.280840477,-0.020375233
-1.279711794,-0.020344051
-1.278581635,-0.020312831
-1.27745,-0.020281572
-1.276316887,-0.020250274
-1.275182294,-0.020218937
-1.27404622,-0.02018756
-1.272908665,-0.020156145
-1.271769627,-0.020124691
-1.270629104,-0.020093198
-1.269487095,-0.020061666
-1.2683436,-0.020030094
-1.267198616,-0.019998483
-1.266052142,-0.019966834
-1.264904177,-0.019935145
-1.26375472,-0.019903417
-1.262603769,-0.019871649
-1.261451323,-0.019839843
-1.260297381,-0.019807997
-1.259141942,-0.019776111
-1.257985003,-0.019744187
-1.256826564,-0.019712223
-1.255666624,-0.01968022
-1.25450518,-0.019648177
-1.253342233,-0.019616095
-1.252177779,-0.019583974
-1.251011819,-0.019551813
-1.24984435,-0.019519612
-1.248675372,-0.019487372
-1.247504882,-0.019455093
-1.24633288,-0.019422774
-1.245159365,-0.019390415
-1.243984334,-0.019358017
-1.242807787,-0.01932558
-1.241629722,-0.019293102
-1.240450137,-0.019260585
-1.239269032,-0.019228028
-1.238086405,-0.019195432
-1.236902254,-0.019162796
-1.235716579,-0.01913012
-1.234529378,-0.019097404
-1.233340648,-0.019064649
-1.23215039,-0.019031854
-1.230958602,-0.018999019
-1.229765281,-0.018966144
-1.228570428,-0.018933229
-1.22737404,-0.018900274
-1.226176115,-0.018867279
-1.224976654,-0.018834245
-1.223775653,-0.01880117
-1.222573112,-0.018768056
-1.221369029,-0.018734901
-1.220163403,-0.018701707
-1.218956232,-0.018668472
-1.217747516,-0.018635197
-1.216537251,-0.018601882
-1.215325438,-0.018568527
-1.214112074,-0.018535132
-1.212897158,-0.018501697
-1.211680689,-0.018468221
-1.210462665,-0.018434706
-1.209243085,-0.01840115
-1.208021946,-0.018367554
-1.206799249,-0.018333917
-1.20557499,-0.018300241
-1.20434917,-0.018266523
-1.203121785,-0.018232766
-1.201892836,-0.018198968
-1.200662319,-0.01816513
-1.199430234,-0.018131252
-1.198196579,-0.018097333
-1.196961353,-0.018063373
-1.195724554,-0.018029373
-1.194486181,-0.017995333
-1.193246232,-0.017961252
-1.192004705,-0.01792713
-1.190761599,-0.017892968
-1.189516913,-0.017858766
-1.188270644,-0.017824523
-1.187022792,-0.017790239
-1.185773354,-0.017755914
-1.18452233,-0.017721549
-1.183269718,-0.017687143
-1.182015515,-0.017652697
-1.180759721,-0.017618209
-1.179502333,-0.017583681
-1.178243351,-0.017549113
-1.176982773,-0.017514503
-1.175720596,-0.017479853
-1.17445682,-0.017445161
-1.173191443,-0.017410429
-1.171924463,-0.017375656
-1.170655878,-0.017340842
-1.169385688,-0.017305988
-1.16811389,-0.017271092
-1.166840482,-0.017236155
-1.165565463,-0.017201177
-1.164288832,-0.017166159
-1.163010586,-0.017131099
-1.161730724,-0.017095998
-1.160449245,-0.017060856
-1.159166146,-0.017025673
-1.157881426,-0.016990449
-1.156595084,-0.016955184
-1.155307117,-0.016919878
-1.154017524,-0.01688453
-1.152726303,-0.016849141
-1.151433452,-0.016813711
-1.15013897,-0.01677824
-1.148842855,-0.016742728
-1.147545105,-0.016707174
-1.146245718,-0.016671579
-1.144944693,-0.016635942
-1.143642028,-0.016600265
-1.142337722,-0.016564546
-1.141031771,-0.016528785
-1.139724175,-0.016492983
-1.138414932,-0.01645714
-1.13710404,-0.016421255
-1.135791497,-0.016385329
-1.134477302,-0.016349362
-1.133161452,-0.016313352
-1.131843945,-0.016277302
-1.130524781,-0.01624121
-1.129203957,-0.016205076
-1.12788147,-0.0161689
-1.12655732,-0.016132683
-1.125231505,-0.016096425
-1.123904022,-0.016060124
-1.12257487,-0.016023783
-1.121244046,-0.015987399
-1.11991155,-0.015950974
-1.118577378,-0.015914507
-1.117241529,-0.015877998
-1.115904002,-0.015841447
-1.114564794,-0.015804855
-1.113223902,-0.015768221
-1.111881327,-0.015731545
-1.110537064,-0.015694827
-1.109191113,-0.015658067
-1.107843471,-0.015621266
-1.106494136,-0.015584422
-1.105143107,-0.015547537
-1.103790381,-0.015510609
-1.102435956,-0.01547364
-1.101079831,-0.015436629
-1.099722002,-0.015399575
-1.098362469,-0.01536248
-1.097001229,-0.015325343
-1.09563828,-0.015288163
-1.09427362,-0.015250942
-1.092907247,-0.015213678
-1.091539158,-0.015176372
-1.090169352,-0.015139025
-1.088797827,-0.015101635
-1.08742458,-0.015064202
-1.086049608,-0.015026728
-1.084672911,-0.014989212
-1.083294486,-0.014951653
-1.081914331,-0.014914052
-1.080532442,-0.014876408
-1.07914882,-0.014838723
-1.07776346,-0.014800995
-1.07637636,-0.014763225
-1.07498752,-0.014725412
-1.073596935,-0.014687557
-1.072204605,-0.01464966
-1.070810526,-0.01461172
-1.069414697,-0.014573738
-1.068017114,-0.014535713
-1.066617777,-0.014497646
-1.065216681,-0.014459537
-1.063813826,-0.014421385
-1.062409209,-0.014383191
-1.061002827,-0.014344954
-1.059594677,-0.014306674
-1.058184758,-0.014268352
-1.056773068,-0.014229987
-1.055359602,-0.01419158
-1.05394436,-0.01415313
-1.052527339,-0.014114638
-1.051108536,-0.014076103
-1.049687948,-0.014037525
-1.048265574,-0.013998904
-1.04684141,-0.013960241
-1.045415454,-0.013921535
-1.043987704,-0.013882787
-1.042558157,-0.013843995
-1.04112681,-0.013805161
-1.039693661,-0.013766284
-1.038258707,-0.013727365
-1.036821945,-0.013688402
-1.035383373,-0.013649397
-1.033942988,-0.013610349
-1.032500787,-0.013571257
-1.031056768,-0.013532124
-1.029610928,-0.013492947
-1.028163264,-0.013453727
-1.026713773,-0.013414464
-1.025262453,-0.013375159
-1.0238093,-0.01333581
-1.022354312,-0.013296419
-1.020897486,-0.013256984
-1.01943882,-0.013217507
-1.017978309,-0.013177986
-1.016515952,-0.013138422
-1.015051745,-0.013098816
-1.013585685,-0.013059166
-1.01211777,-0.013019473
-1.010647996,-0.012979737
-1.00917636,-0.012939958
-1.00770286,-0.012900136
-1.006227491,-0.012860271
-1.004750252,-0.012820363
-1.003271138,-0.012780411
-1.001790148,-0.012740416
-1.000307276,-0.012700378
-0.998822522,-0.012660297
-0.99733588,-0.012620173
-0.995847348,-0.012580005
-0.994356923,-0.012539794
-0.992864601,-0.01249954
-0.991370379,-0.012459242
-0.989874253,-0.012418902
-0.988376221,-0.012378518
-0.986876278,-0.01233809
-0.985374421,-0.012297619
-0.983870648,-0.012257105
-0.982364954,-0.012216548
-0.980857335,-0.012175947
-0.979347789,-0.012135303
-0.977836311,-0.012094615
-0.976322898,-0.012053884
-0.974807547,-0.01201311
-0.973290253,-0.011972292
-0.971771012,-0.011931431
-0.970249822,-0.011890526
-0.968726679,-0.011849578
-0.967201578,-0.011808586
-0.965674515,-0.011767551
-0.964145487,-0.011726473
-0.96261449,-0.01168535
-0.961081519,-0.011644185
-0.959546572,-0.011602975
-0.958009643,-0.011561723
-0.956470728,-0.011520426
-0.954929825,-0.011479086
-0.953386927,-0.011437703
-0.951842032,-0.011396276
-0.950295134,-0.011354805
-0.948746231,-0.011313291
-0.947195316,-0.011271733
-0.945642386,-0.011230132
-0.944087437,-0.011188487
-0.942530464,-0.011146798
-0.940971462,-0.011105066
-0.939410427,-0.01106329
-0.937847355,-0.01102147
-0.93628224,-0.010979607
-0.934715078,-0.0109377
-0.933145864,-0.010895749
-0.931574594,-0.010853755
-0.930001263,-0.010811716
-0.928425865,-0.010769635
-0.926848396,-0.010727509
-0.92526885,-0.01068534
-0.923687223,-0.010643127
-0.92210351,-0.010600871
-0.920517705,-0.01055857
-0.918929804,-0.010516226
-0.9173398,-0.010473838
-0.915747689,-0.010431407
-0.914153465,-0.010388931
-0.912557122,-0.010346412
-0.910958656,-0.01030385
-0.90935806,-0.010261243
-0.907755329,-0.010218593
-0.906150457,-0.010175899
-0.904543439,-0.010133161
-0.902934267,-0.010090379
-0.901322938,-0.010047554
-0.899709444,-0.010004685
-0.898093779,-0.009961772
-0.896475938,-0.009918815
-0.894855913,-0.009875815
-0.8932337,-0.00983277
-0.891609291,-0.009789682
-0.889982679,-0.009746551
-0.88835386,-0.009703375
-0.886722824,-0.009660156
-0.885089567,-0.009616893
-0.883454081,-0.009573586
-0.88181636,-0.009530235
-0.880176395,-0.009486841
-0.878534181,-0.009443403
-0.87688971,-0.009399921
-0.875242975,-0.009356395
-0.873593969,-0.009312826
-0.871942683,-0.009269213
-0.870289111,-0.009225556
-0.868633245,-0.009181856
-0.866975077,-0.009138111
-0.865314599,-0.009094323
-0.863651804,-0.009050492
-0.861986682,-0.009006616
-0.860319227,-0.008962697
-0.858649429,-0.008918735
-0.85697728,-0.008874728
-0.855302772,-0.008830678
-0.853625895,-0.008786585
-0.851946642,-0.008742447
-0.850265003,-0.008698266
-0.848580968,-0.008654042
-0.84689453,-0.008609774
-0.845205678,-0.008565462
-0.843514403,-0.008521107
-0.841820696,-0.008476708
-0.840124546,-0.008432265
-0.838425943,-0.00838778
-0.836724878,-0.00834325
-0.835021341,-0.008298677
-0.83331532,-0.008254061
-0.831606805,-0.008209401
-0.829895786,-0.008164698
-0.828182251,-0.008119951
-0.82646619,-0.008075161
-0.824747591,-0.008030328
-0.823026442,-0.007985451
-0.821302733,-0.007940531
-0.81957645,-0.007895568
-0.817847583,-0.007850561
-0.816116119,-0.007805512
-0.814382044,-0.007760419
-0.812645348,-0.007715282
-0.810906016,-0.007670103
-0.809164036,-0.007624881
-0.807419394,-0.007579615
-0.805672077,-0.007534307
-0.80392207,-0.007488955
-0.80216936,-0.00744356
-0.800413932,-0.007398123
-0.798655772,-0.007352643
-0.796894865,-0.007307119
-0.795131195,-0.007261553
-0.793364747,-0.007215944
-0.791595506,-0.007170293
-0.789823455,-0.007124598
-0.788048578,-0.007078861
-0.786270859,-0.007033082
-0.784490279,-0.00698726
-0.782706823,-0.006941395
-0.780920472,-0.006895488
-0.779131208,-0.006849538
-0.777339013,-0.006803546
-0.775543869,-0.006757512
-0.773745755,-0.006711436
-0.771944653,-0.006665317
-0.770140542,-0.006619157
-0.768333403,-0.006572954
-0.766523213,-0.006526709
-0.764709953,-0.006480423
-0.762893601,-0.006434094
-0.761074133,-0.006387724
-0.759251529,-0.006341312
-0.757425764,-0.006294859
-0.755596814,-0.006248364
-0.753764657,-0.006201827
-0.751929266,-0.006155249
-0.750090617,-0.00610863
-0.748248684,-0.00606197
-0.746403441,-0.006015268
-0.744554859,-0.005968526
-0.742702912,-0.005921742
-0.740847572,-0.005874918
-0.738988808,-0.005828053
-0.737126592,-0.005781148
-0.735260892,-0.005734202
-0.733391679,-0.005687215
-0.731518919,-0.005640189
-0.72964258,-0.005593122
-0.727762628,-0.005546015
-0.725879028,-0.005498868
-0.723991747,-0.005451682
-0.722100746,-0.005404456
-0.720205989,-0.00535719
-0.718307437,-0.005309885
-0.716405052,-0.005262541
-0.714498792,-0.005215158
-0.712588617,-0.005167736
-0.710674484,-0.005120275
-0.70875635,-0.005072776
-0.706834168,-0.005025238
-0.704907893,-0.004977662
-0.702977478,-0.004930048
-0.701042874,-0.004882397
-0.699104029,-0.004834708
-0.697160892,-0.004786981
-0.695213411,-0.004739217
-0.693261529,-0.004691416
-0.69130519,-0.004643579
-0.689344336,-0.004595705
-0.687378907,-0.004547795
-0.685408839,-0.004499849
-0.68343407,-0.004451867
-0.681454532,-0.004403849
-0.679470159,-0.004355797
-0.677480878,-0.004307709
-0.675486617,-0.004259587
-0.673487301,-0.004211431
-0.671482852,-0.004163241
-0.669473189,-0.004115017
-0.667458228,-0.00406676
-0.665437884,-0.00401847
-0.663412067,-0.003970147
-0.661380684,-0.003921793
-0.659343639,-0.003873406
-0.657300833,-0.003824989
-0.655252162,-0.00377654
-0.653197519,-0.003728062
-0.651136793,-0.003679553
-0.649069867,-0.003631015
-0.646996623,-0.003582448
-0.644916934,-0.003533852
-0.64283067,-0.003485229
-0.640737697,-0.003436579
-0.638637872,-0.003387902
-0.63653105,-0.003339199
-0.634417076,-0.003290471
-0.632295791,-0.003241718
-0.630167028,-0.003192941
-0.628030612,-0.003144142
-0.625886361,-0.003095319
-0.623734084,-0.003046476
-0.621573582,-0.002997612
-0.619404646,-0.002948728
-0.617227056,-0.002899826
-0.615040583,-0.002850906
-0.612844985,-0.002801969
-0.610640009,-0.002753017
-0.608425388,-0.002704051
-0.606200843,-0.002655071
-0.603966078,-0.00260608
-0.601720781,-0.002557079
-0.599464624,-0.002508068
-0.597197262,-0.00245905
-0.594918326,-0.002410027
-0.59262743,-0.002361
-0.590324163,-0.00231197
-0.58800809,-0.00226294
-0.585678748,-0.002213912
-0.583335647,-0.002164889
-0.580978263,-0.002115871
-0.578606041,-0.002066863
-0.576218386,-0.002017866
-0.573814665,-0.001968884
-0.571394199,-0.001919919
-0.568956261,-0.001870975
-0.566500073,-0.001822056
-0.564024798,-0.001773164
-0.561529533,-0.001724305
-0.559013308,-0.001675482
-0.556475074,-0.0016267
-0.553913695,-0.001577965
-0.55132794,-0.001529282
-0.548716473,-0.001480657
-0.546077839,-0.001432096
-0.543410448,-0.001383607
-0.540712564,-0.001335198
-0.537982283,-0.001286878
-0.535217509,-0.001238655
-0.532415935,-0.00119054
-0.529575009,-0.001142545
-0.526691899,-0.001094683
-0.523763457,-0.001046968
-0.520823087,-1.00E-03
-0.517793703,-9.53E-04
-0.514707159,-9.05E-04
-0.511558459,-8.59E-04
-0.508341937,-8.12E-04
-0.50505114,-7.65E-04
-0.501678681,-7.19E-04
-0.500011415,-6.97E-04
-0.500000147,-6.97E-04
-0.499999999,-6.97E-04
-0.499999702,-6.97E-04
-0.499999107,-6.97E-04
-0.499997919,-6.97E-04
-0.499995541,-6.97E-04
-0.499990786,-6.97E-04
-0.499981275,-6.97E-04
-0.499962252,-6.96E-04
-0.499924196,-6.96E-04
-0.499848052,-6.95E-04
-0.499695632,-6.93E-04
-0.499390255,-6.89E-04
-0.498777338,-6.81E-04
-0.497542658,-6.65E-04
-0.495036324,-6.33E-04
-0.491401622,-5.88E-04
-0.487645553,-5.44E-04
-0.483753039,-5.01E-04
-0.479706278,-4.58E-04
-0.475484135,-4.15E-04
-0.471061378,-3.74E-04
-0.466407754,-3.34E-04
-0.461486863,-2.94E-04
-0.456254863,-2.57E-04
-0.450659092,-2.20E-04
-0.444636826,-1.86E-04
-0.438114708,-1.54E-04
-0.431009834,-1.24E-04
-0.423234061,-9.76E-05
-0.414703501,-7.44E-05
-0.405354253,-5.49E-05
-0.395162029,-3.91E-05
-0.384157833,-2.70E-05
-0.372429229,-1.80E-05
-0.360103135,-1.18E-05
-0.347318256,-7.56E-06
-0.334200922,-4.78E-06
-0.320852386,-3.00E-06
-0.307346872,-1.87E-06
-0.293735581,-1.16E-06
-0.280052439,-7.17E-07
-0.266319343,-4.42E-07
-0.252550187,-2.72E-07
-0.238753697,-1.68E-07
-0.224935309,-1.03E-07
-0.2110984,-6.32E-08
-0.197245053,-3.87E-08
-0.183376558,-2.36E-08
-0.169493704,-1.44E-08
-0.155596978,-8.67E-09
-0.141686675,-5.18E-09
-0.127762977,-3.04E-09
-0.113825991,-1.72E-09
-0.099875782,-9.19E-10
-0.085912387,-4.26E-10
-0.071935826,-1.25E-10
-0.057946109,5.79E-11
-0.043943241,1.69E-10
-0.029927221,2.37E-10
-0.015898047,2.77E-10
-0.001855715,3.01E-10
0.012199781,3.16E-10
0.026268444,3.23E-10
0.040350281,3.28E-10
0.054445297,3.29E-10
0.068553499,3.30E-10
0.082674893,3.30E-10
0.096809484,3.29E-10
0.110957279,3.28E-10
0.125118284,3.27E-10
0.139292505,3.25E-10
0.153479948,3.24E-10
0.16768062,3.23E-10
0.181894526,3.21E-10
0.196121673,3.20E-10
0.210362067,3.19E-10
0.224615714,3.17E-10
0.23888262,3.16E-10
0.253162791,3.15E-10
0.267456234,3.13E-10
0.281762955,3.12E-10
0.296082959,3.11E-10
0.310416254,3.10E-10
0.324762844,3.09E-10
0.339122737,3.07E-10
0.353495939,3.06E-10
0.367882455,3.05E-10
0.382282292,3.04E-10
0.396695456,3.03E-10
0.411121953,3.02E-10
0.42556179,3.01E-10
0.440014972,3.00E-10
0.454481506,2.99E-10
0.468961397,2.98E-10
0.483454653,2.97E-10
0.497961279,2.96E-10
0.512481281,2.96E-10
0.527014665,2.95E-10
0.541561438,2.94E-10
0.556121606,2.93E-10
0.570695175,2.93E-10
0.585282151,2.92E-10
0.599882541,2.92E-10
0.61449635,2.91E-10
0.629123584,2.91E-10
0.64376425,2.91E-10
0.658418354,2.91E-10
0.673085903,2.91E-10
0.687766901,2.91E-10
0.702461356,2.92E-10
0.717169274,2.93E-10
0.73189066,2.94E-10
0.746625521,2.95E-10
0.761373863,2.98E-10
0.776135692,3.00E-10
0.790911015,3.04E-10
0.805699836,3.08E-10
0.820502164,3.14E-10
0.835318003,3.21E-10
0.85014736,3.29E-10
0.86499024,3.40E-10
0.879846651,3.53E-10
0.894716597,3.68E-10
0.909600086,3.87E-10
0.924497122,4.11E-10
0.939407713,4.39E-10
0.954331863,4.74E-10
0.969269579,5.16E-10
0.984220867,5.68E-10
0.999185732,6.31E-10
1.01416418,7.07E-10
1.029156216,7.99E-10
1.044161846,9.12E-10
1.059181076,1.05E-09
1.074213909,1.22E-09
1.089260351,1.42E-09
1.104320406,1.66E-09
1.119394079,1.96E-09
1.134481373,2.33E-09
1.149582291,2.77E-09
1.164696835,3.31E-09
1.179825008,3.96E-09
1.194966809,4.76E-09
1.210122238,5.73E-09
1.225291293,6.91E-09
1.24047397,8.35E-09
1.255670263,1.01E-08
1.270880162,1.22E-08
1.286103657,1.48E-08
1.30134073,1.80E-08
1.316591361,2.18E-08
1.331855523,2.65E-08
1.347133181,3.22E-08
1.362424291,3.92E-08
1.3777288,4.77E-08
1.393046639,5.80E-08
1.408377726,7.06E-08
1.423721955,8.60E-08
1.439079199,1.05E-07
1.454449299,1.28E-07
1.469832062,1.56E-07
1.485227247,1.90E-07
1.500634563,2.31E-07
1.51605365,2.82E-07
1.531484066,3.44E-07
1.546925274,4.20E-07
1.562376613,5.12E-07
1.577837277,6.25E-07
1.59330628,7.63E-07
1.60878242,9.31E-07
1.624264228,1.14E-06
1.639749918,1.39E-06
1.655237313,1.69E-06
1.67072377,2.06E-06
1.686206082,2.52E-06
1.701680371,3.07E-06
1.717141953,3.75E-06
1.732585198,4.57E-06
1.748003357,5.57E-06
1.763388391,6.78E-06
1.778730767,8.25E-06
1.794019274,1.00E-05
1.809240835,1.22E-05
1.824380355,1.48E-05
1.839420622,1.78E-05
1.8543423,2.15E-05
1.869124033,2.59E-05
1.883742712,3.11E-05
1.898173915,3.73E-05
1.912392538,4.44E-05
1.926373588,5.27E-05
1.94009311,6.22E-05
1.953529153,7.31E-05
1.966662695,8.55E-05
1.979478417,9.93E-05
1.991965248,1.15E-04
2.004116626,1.32E-04
2.015930481,1.50E-04
2.02740894,1.70E-04
2.038557852,1.92E-04
2.049386175,2.15E-04
2.059905311,2.40E-04
2.070128453,2.66E-04
2.080069983,2.94E-04
2.089744949,3.23E-04
2.099168631,3.53E-04
2.108356202,3.84E-04
2.117322474,4.16E-04
2.126081712,4.49E-04
2.134647514,4.83E-04
2.143032737,5.18E-04
2.15124946,5.54E-04
2.15930898,5.90E-04
2.167221817,6.28E-04
2.174997745,6.66E-04
2.182645827,7.05E-04
2.19017445,7.44E-04
2.197591373,7.84E-04
2.204903768,8.24E-04
2.212118263,8.65E-04
2.219240986,9.06E-04
2.226277601,9.48E-04
2.233233349,9.90E-04
2.240113079,0.001033117
2.246921284,0.001076184
2.253662128,0.001119622
2.260339476,0.001163414
2.266956915,0.001207542
2.273517781,0.001251991
2.280025177,0.001296749
2.286481996,0.0013418
2.292890931,0.001387134
2.299254499,0.001432739
2.305575051,0.001478604
2.311854784,0.001524719
2.318095758,0.001571075
2.324299902,0.001617663
2.330469025,0.001664475
2.336604826,0.001711503
2.342708903,0.001758741
2.34878276,0.00180618
2.354827811,0.001853815
2.360845391,0.00190164
2.366836758,0.00194965
2.372803102,0.001997837
2.378745545,0.002046199
2.38466515,0.002094729
2.390562925,0.002143424
2.39643982,0.002192278
2.402296742,0.002241288
2.408134547,0.002290451
2.41395405,0.002339761
2.419756025,0.002389217
2.425541209,0.002438814
2.431310303,0.00248855
2.437063973,0.00253842
2.442802856,0.002588424
2.448527559,0.002638557
2.454238661,0.002688817
2.459936714,0.002739202
2.465622247,0.002789709
2.471295765,0.002840336
2.47695775,0.002891081
2.482608666,0.002941942
2.488248955,0.002992917
2.493879042,0.003044004
2.499499334,0.0030952
2.50511022,0.003146506
2.510712077,0.003197917
2.516305262,0.003249434
2.521890123,0.003301054
2.52746699,0.003352777
2.533036185,0.0034046
2.538598013,0.003456522
2.544152772,0.003508542
2.549700745,0.003560659
2.555242208,0.003612871
2.560777424,0.003665178
2.56630665,0.003717577
2.57183013,0.003770069
2.577348103,0.003822652
2.582860798,0.003875324
2.588368435,0.003928086
2.593871229,0.003980936
2.599369387,0.004033873
2.604863108,0.004086896
2.610352586,0.004140004
2.615838007,0.004193197
2.621319553,0.004246474
2.626797398,0.004299834
2.632271713,0.004353276
2.637742662,0.0044068
2.643210404,0.004460405
2.648675093,0.00451409
2.65413688,0.004567854
2.659595909,0.004621697
2.665052322,0.004675619
2.670506255,0.004729618
2.675957842,0.004783695
2.681407211,0.004837848
2.686854487,0.004892077
2.692299793,0.004946381
2.697743246,0.005000761
2.703184962,0.005055215
2.708625053,0.005109743
2.714063627,0.005164345
2.719500791,0.005219019
2.724936647,0.005273767
2.730371296,0.005328586
2.735804835,0.005383478
2.74123736,0.00543844
2.746668963,0.005493474
2.752099735,0.005548579
2.757529763,0.005603753
2.762959134,0.005658998
2.768387931,0.005714312
2.773816235,0.005769696
2.779244126,0.005825148
2.784671683,0.005880669
2.790098979,0.005936258
2.79552609,0.005991915
2.800953088,0.006047639
2.806380043,0.006103431
2.811807024,0.00615929
2.817234098,0.006215216
2.822661331,0.006271208
2.828088787,0.006327266
2.833516529,0.006383391
2.838944618,0.006439581
2.844373114,0.006495836
2.849802076,0.006552157
2.855231561,0.006608543
2.860661626,0.006664994
2.866092324,0.006721509
2.871523711,0.006778088
2.876955838,0.006834732
2.882388756,0.00689144
2.887822518,0.006948211
2.89325717,0.007005046
2.898692763,0.007061944
2.904129344,0.007118905
2.909566958,0.00717593
2.915005651,0.007233017
2.920445468,0.007290166
2.925886452,0.007347379
2.931328647,0.007404653
2.936772093,0.00746199
2.942216833,0.007519388
2.947662907,0.007576848
2.953110354,0.00763437
2.958559213,0.007691954
2.964009522,0.007749599
2.969461319,0.007807305
2.974914639,0.007865072
2.980369521,0.0079229
2.985825997,0.007980789
2.991284104,0.008038738
2.996743875,0.008096748
3.002205344,0.008154819
3.007668544,0.008212949
3.013133507,0.00827114
3.018600264,0.008329391
3.024068847,0.008387702
3.029539287,0.008446073
3.035011613,0.008504504
3.040485856,0.008562994
3.045962043,0.008621544
3.051440205,0.008680153
3.056920368,0.008738821
3.062402561,0.008797549
3.067886811,0.008856336
3.073373145,0.008915182
3.078861588,0.008974086
3.084352167,0.00903305
3.089844907,0.009092073
3.095339833,0.009151154
3.10083697,0.009210293
3.106336342,0.009269492
3.111837974,0.009328748
3.117341888,0.009388063
3.122848107,0.009447437
3.128356655,0.009506868
3.133867554,0.009566358
3.139380826,0.009625905
3.144896493,0.009685511
3.150414577,0.009745175
3.155935097,0.009804896
3.161458076,0.009864675
3.166983534,0.009924512
3.172511491,0.009984407
3.178041966,0.010044359
3.183574981,0.010104369
3.189110553,0.010164436
3.194648702,0.01022456
3.200189447,0.010284742
3.205732806,0.010344982
3.211278798,0.010405278
3.21682744,0.010465632
3.222378752,0.010526042
3.227932749,0.01058651
3.233489449,0.010647035
3.23904887,0.010707617
3.244611028,0.010768256
3.25017594,0.010828952
3.255743622,0.010889704
3.261314091,0.010950513
3.266887362,0.011011379
3.272463451,0.011072302
3.278042374,0.011133282
3.283624146,0.011194318
3.289208783,0.01125541
3.294796298,0.01131656
3.300386708,0.011377765
3.305980027,0.011439027
3.311576268,0.011500346
3.317175447,0.011561721
3.322777577,0.011623152
3.328382673,0.01168464
3.333990747,0.011746184
3.339601814,0.011807784
3.345215887,0.01186944
3.350832979,0.011931153
3.356453104,0.011992922
3.362076274,0.012054747
3.367702501,0.012116627
3.3733318,0.012178564
3.378964181,0.012240557
3.384599658,0.012302607
3.390238243,0.012364712
3.395879947,0.012426873
3.401524783,0.012489089
3.407172762,0.012551362
3.412823896,0.012613691
3.418478197,0.012676075
3.424135676,0.012738516
3.429796345,0.012801012
3.435460213,0.012863564
3.441127294,0.012926171
3.446797596,0.012988835
3.452471132,0.013051554
3.458147912,0.013114329
3.463827946,0.013177159
3.469511246,0.013240045
3.47519782,0.013302987
3.48088768,0.013365985
3.486580836,0.013429038
3.492277298,0.013492146
3.497977075,0.01355531
3.503680178,0.01361853
3.509386616,0.013681805
3.515096399,0.013745136
3.520809536,0.013808522
3.526526037,0.013871964
3.532245912,0.013935461
3.537969169,0.013999014
3.543695818,0.014062622
3.549425867,0.014126286
3.555159327,0.014190005
3.560896205,0.014253779
3.566636511,0.014317609
3.572380253,0.014381494
3.57812744,0.014445434
3.58387808,0.01450943
3.589632183,0.014573482
3.595389756,0.014637588
3.601150808,0.01470175
3.606915347,0.014765967
3.612683382,0.01483024
3.61845492,0.014894567
3.62422997,0.014958951
3.630008539,0.015023389
3.635790635,0.015087883
3.641576267,0.015152432
3.647365442,0.015217036
3.653158168,0.015281695
3.658954453,0.01534641
3.664754303,0.01541118
3.670557727,0.015476005
3.676364732,0.015540885
3.682175326,0.015605821
3.687989515,0.015670812
3.693807307,0.015735858
3.699628709,0.015800959
3.705453729,0.015866115
3.711282374,0.015931327
3.71711465,0.015996594
3.722950564,0.016061916
3.728790124,0.016127293
3.734633336,0.016192725
3.740480207,0.016258213
3.746330745,0.016323756
3.752184954,0.016389354
3.758042843,0.016455007
3.763904418,0.016520715
3.769769686,0.016586479
3.775638652,0.016652297
3.781511324,0.016718171
3.787387707,0.0167841
3.793267809,0.016850084
3.799151635,0.016916123
3.805039192,0.016982218
3.810930486,0.017048367
3.816825523,0.017114572
3.82272431,0.017180832
3.828626852,0.017247147
3.834533155,0.017313517
3.840443226,0.017379943
3.84635707,0.017446423
3.852274693,0.017512959
3.858196102,0.01757955
3.864121301,0.017646196
3.870050298,0.017712897
3.875983097,0.017779654
3.881919704,0.017846465
3.887860126,0.017913332
3.893804367,0.017980254
3.899752433,0.018047231
3.90570433,0.018114263
3.911660063,0.018181351
3.917619639,0.018248494
3.923583061,0.018315691
3.929550336,0.018382945
3.93552147,0.018450253
3.941496466,0.018517616
3.947475332,0.018585035
3.953458071,0.018652509
3.95944469,0.018720038
3.965435194,0.018787622
3.971429587,0.018855262
3.977427875,0.018922957
3.983430063,0.018990707
3.989436156,0.019058512
3.995446159,0.019126373
4.001460077,0.019194288
4.007477916,0.01926226
4.013499679,0.019330286
4.019525373,0.019398367
4.025555002,0.019466504
4.03158857,0.019534696
4.037626084,0.019602944
4.043667546,0.019671246
4.049712964,0.019739604
4.05576234,0.019808018
4.06181568,0.019876486
4.067872989,0.01994501
4.073934271,0.020013589
4.079999531,0.020082224
4.086068774,0.020150914
4.092142004,0.020219659
4.098219225,0.02028846
4.104300443,0.020357316
4.110385662,0.020426227
4.116474887,0.020495193
4.122568121,0.020564216
4.128665369,0.020633293
4.134766637,0.020702426
4.140871927,0.020771614
4.146981246,0.020840858
4.153094596,0.020910157
4.159211983,0.020979511
4.16533341,0.021048921
4.171458882,0.021118387
4.177588404,0.021187907
4.183721979,0.021257484
4.189859612,0.021327115
4.196001307,0.021396803
4.202147068,0.021466545
4.2082969,0.021536344
4.214450806,0.021606197
4.220608791,0.021676107
4.226770858,0.021746071
4.232937013,0.021816092
4.239107258,0.021886167
4.245281599,0.021956299
4.251460039,0.022026486
4.257642581,0.022096728
4.263829231,0.022167026
4.270019993,0.02223738
4.276214869,0.022307789
4.282413864,0.022378254
4.288616982,0.022448775
4.294824227,0.022519351
4.301035603,0.022589983
4.307251114,0.02266067
4.313470763,0.022731413
4.319694554,0.022802212
4.325922492,0.022873067
4.332154579,0.022943977
4.338390821,0.023014943
4.34463122,0.023085964
4.35087578,0.023157042
4.357124506,0.023228175
4.3633774,0.023299364
4.369634467,0.023370608
4.37589571,0.023441909
4.382161134,0.023513265
4.38843074,0.023584677
4.394704534,0.023656144
4.400982519,0.023727668
4.407264699,0.023799247
4.413551076,0.023870883
4.419841656,0.023942574
4.42613644,0.024014321
4.432435434,0.024086123
4.43873864,0.024157982
4.445046062,0.024229897
4.451357703,0.024301867
4.457673568,0.024373894
4.463993659,0.024445976
4.47031798,0.024518114
4.476646535,0.024590309
4.482979327,0.024662559
4.489316359,0.024734865
4.495657635,0.024807227
4.502003158,0.024879646
4.508352932,0.02495212
4.508974008,0.024959209
4.508974008,0.024959209
