Time(s),Current(A)
0,-1.71E-13
4.50E-09,1.58E-05
1.21E-08,3.83E-05
2.74E-08,7.57E-05
5.49E-08,1.15E-04
9.50E-08,1.39E-04
1.48E-07,1.45E-04
2.21E-07,1.43E-04
3.16E-07,1.38E-04
4.35E-07,1.33E-04
5.80E-07,1.28E-04
7.54E-07,1.22E-04
9.60E-07,1.17E-04
1.00E-06,1.16E-04
1.00E-06,1.12E-04
1.22E-06,1.35E-05
1.46E-06,1.46E-06
1.73E-06,-9.43E-07
2.04E-06,6.40E-07
2.38E-06,-4.51E-07
2.75E-06,3.30E-07
3.17E-06,-2.47E-07
3.62E-06,1.91E-07
4.11E-06,-1.50E-07
4.65E-06,1.21E-07
5.23E-06,-9.83E-08
5.86E-06,8.22E-08
6.53E-06,-6.84E-08
7.26E-06,5.89E-08
8.03E-06,-4.99E-08
8.87E-06,4.41E-08
9.75E-06,-3.79E-08
1.07E-05,3.42E-08
1.17E-05,-2.97E-08
1.28E-05,2.73E-08
1.39E-05,-2.39E-08
1.51E-05,2.24E-08
1.63E-05,-1.96E-08
1.77E-05,1.87E-08
1.91E-05,-1.65E-08
2.05E-05,1.60E-08
2.21E-05,-1.40E-08
2.37E-05,1.38E-08
2.54E-05,-1.21E-08
2.71E-05,1.21E-08
2.90E-05,-1.06E-08
3.09E-05,1.08E-08
3.29E-05,-9.36E-09
3.50E-05,9.64E-09
3.72E-05,-8.35E-09
3.95E-05,8.72E-09
4.19E-05,-7.51E-09
4.43E-05,7.95E-09
4.69E-05,-6.80E-09
4.96E-05,7.30E-09
5.23E-05,-6.20E-09
5.52E-05,6.75E-09
5.81E-05,-5.69E-09
6.12E-05,6.27E-09
6.43E-05,-5.25E-09
6.76E-05,5.86E-09
7.10E-05,-4.87E-09
7.45E-05,5.50E-09
7.81E-05,-4.53E-09
8.18E-05,5.18E-09
8.56E-05,-4.23E-09
8.96E-05,4.91E-09
9.37E-05,-3.97E-09
9.78E-05,4.66E-09
1.02E-04,-3.73E-09
1.07E-04,4.44E-09
1.11E-04,-3.52E-09
1.16E-04,4.24E-09
1.21E-04,-3.34E-09
1.26E-04,4.06E-09
1.31E-04,-3.17E-09
1.36E-04,3.90E-09
1.41E-04,-3.01E-09
1.47E-04,3.75E-09
1.53E-04,-2.87E-09
1.58E-04,3.61E-09
1.64E-04,-2.74E-09
1.70E-04,3.49E-09
1.77E-04,-2.62E-09
1.83E-04,3.38E-09
1.89E-04,-2.52E-09
1.96E-04,3.28E-09
2.03E-04,-2.42E-09
2.10E-04,3.18E-09
2.17E-04,-2.33E-09
2.24E-04,3.09E-09
2.32E-04,-2.24E-09
2.40E-04,3.01E-09
2.47E-04,-2.16E-09
2.55E-04,2.93E-09
2.64E-04,-2.09E-09
2.72E-04,2.86E-09
2.80E-04,-2.02E-09
2.89E-04,2.80E-09
2.98E-04,-1.96E-09
3.07E-04,2.73E-09
3.16E-04,-1.90E-09
3.26E-04,2.68E-09
3.35E-04,-1.84E-09
3.45E-04,2.62E-09
3.55E-04,-1.79E-09
3.65E-04,2.57E-09
3.75E-04,-1.74E-09
3.86E-04,2.52E-09
3.96E-04,-1.69E-09
4.07E-04,2.48E-09
4.19E-04,-1.65E-09
4.30E-04,2.43E-09
4.41E-04,-1.60E-09
4.53E-04,2.39E-09
4.65E-04,-1.57E-09
4.77E-04,2.36E-09
4.89E-04,-1.53E-09
5.02E-04,2.32E-09
5.15E-04,-1.49E-09
5.28E-04,2.28E-09
5.41E-04,-1.46E-09
5.54E-04,2.25E-09
5.68E-04,-1.43E-09
5.82E-04,2.22E-09
5.96E-04,-1.40E-09
6.10E-04,2.19E-09
6.25E-04,-1.37E-09
6.40E-04,2.16E-09
6.54E-04,-1.34E-09
6.70E-04,2.14E-09
6.85E-04,-1.31E-09
7.01E-04,2.11E-09
7.17E-04,-1.29E-09
7.33E-04,2.08E-09
7.49E-04,-1.26E-09
7.66E-04,2.06E-09
7.83E-04,-1.24E-09
8.00E-04,2.04E-09
8.17E-04,-1.22E-09
8.35E-04,2.02E-09
8.53E-04,-1.20E-09
8.71E-04,2.00E-09
8.90E-04,-1.18E-09
9.08E-04,1.98E-09
9.27E-04,-1.16E-09
9.46E-04,1.96E-09
9.66E-04,-1.14E-09
9.85E-04,1.94E-09
0.001005436,-1.12E-09
0.00102568,1.92E-09
0.001046193,-1.10E-09
0.001066978,1.90E-09
0.001088037,-1.09E-09
0.001109371,1.89E-09
0.001130982,-1.07E-09
0.001152872,1.87E-09
0.001175043,-1.05E-09
0.001197496,1.86E-09
0.001220233,-1.04E-09
0.001243257,1.84E-09
0.001266568,-1.02E-09
0.001290168,1.83E-09
0.00131406,-1.01E-09
0.001338245,1.81E-09
0.001362726,-9.97E-10
0.001387502,1.80E-09
0.001412578,-9.84E-10
0.001437953,1.79E-09
0.001463631,-9.71E-10
0.001489613,1.77E-09
0.0015159,-9.59E-10
0.001542495,1.76E-09
0.001569399,-9.47E-10
0.001596614,1.75E-09
0.001624142,-9.36E-10
0.001651984,1.74E-09
0.001680143,-9.24E-10
0.00170862,1.73E-09
0.001737417,-9.14E-10
0.001766536,1.72E-09
0.001795978,-9.03E-10
0.001825745,1.71E-09
0.00185584,-8.93E-10
0.001886264,1.70E-09
0.001917018,-8.83E-10
0.001948105,1.69E-09
0.001979526,-8.73E-10
0.002011283,1.68E-09
0.002043378,-8.64E-10
0.002075812,1.67E-09
0.002108588,-8.55E-10
0.002141708,1.66E-09
0.002175172,-8.46E-10
0.002208983,1.65E-09
0.002243142,-8.38E-10
0.002277652,1.64E-09
0.002312514,-8.29E-10
0.00234773,1.63E-09
0.002383302,-8.21E-10
0.002419231,1.63E-09
0.002455519,-8.13E-10
0.002492169,1.62E-09
0.002529181,-8.05E-10
0.002566558,1.61E-09
0.002604302,-7.98E-10
0.002642414,1.60E-09
0.002680895,-7.91E-10
0.002719749,1.60E-09
0.002758976,-7.83E-10
0.002798579,1.59E-09
0.002838558,-7.76E-10
0.002878917,1.58E-09
0.002919656,-7.70E-10
0.002960778,1.58E-09
0.003002285,-7.63E-10
0.003044177,1.57E-09
0.003086457,-7.57E-10
0.003129127,1.56E-09
0.003172188,-7.50E-10
0.003215643,1.56E-09
0.003259493,-7.44E-10
0.003303739,1.55E-09
0.003348384,-7.38E-10
0.00339343,1.54E-09
0.003438878,-7.32E-10
0.003484729,1.54E-09
0.003530987,-7.26E-10
0.003577652,1.53E-09
0.003624726,-7.21E-10
0.003672212,1.53E-09
0.00372011,-7.15E-10
0.003768423,1.52E-09
0.003817153,-7.10E-10
0.003866301,1.52E-09
0.003915869,-7.05E-10
0.003965859,1.51E-09
0.004016272,-6.99E-10
0.004067111,1.51E-09
0.004118377,-6.94E-10
0.004170072,1.50E-09
0.004222198,-6.89E-10
0.004274756,1.50E-09
0.004327749,-6.85E-10
0.004381178,1.49E-09
0.004435045,-6.80E-10
0.004489352,1.49E-09
0.0045441,-6.75E-10
0.004599292,1.48E-09
0.004654928,-6.71E-10
0.004711012,1.48E-09
0.004767544,-6.66E-10
0.004824526,1.47E-09
0.004881961,-6.62E-10
0.00493985,1.47E-09
0.004998195,-6.57E-10
0.005056997,1.46E-09
0.005116259,-6.53E-10
0.005175982,1.46E-09
0.005236167,-6.49E-10
0.005296818,1.46E-09
0.005357935,-6.45E-10
0.005419521,1.45E-09
0.005481576,-6.41E-10
0.005544104,1.45E-09
0.005607105,-6.37E-10
0.005670582,1.44E-09
0.005734536,-6.33E-10
0.005798968,1.44E-09
0.005863882,-6.30E-10
0.005929279,1.44E-09
0.00599516,-6.26E-10
0.006061527,1.43E-09
0.006128382,-6.22E-10
0.006195727,1.43E-09
0.006263563,-6.19E-10
0.006331893,1.43E-09
0.006400718,-6.15E-10
0.00647004,1.42E-09
0.00653986,-6.12E-10
0.006610181,1.42E-09
0.006681005,-6.08E-10
0.006752332,1.42E-09
0.006824165,-6.05E-10
0.006896506,1.41E-09
0.006969357,-6.02E-10
0.007042718,1.41E-09
0.007116593,-5.99E-10
0.007190983,1.41E-09
0.007265889,-5.96E-10
0.007341313,1.40E-09
0.007417258,-5.92E-10
0.007493724,1.40E-09
0.007570715,-5.89E-10
0.00764823,1.40E-09
0.007726274,-5.86E-10
0.007804846,1.39E-09
0.007883949,-5.84E-10
0.007963585,1.39E-09
0.008043755,-5.81E-10
0.008124462,1.39E-09
0.008205706,-5.78E-10
0.008287491,1.39E-09
0.008369817,-5.75E-10
0.008452686,1.38E-09
0.008536101,-5.72E-10
0.008620063,1.38E-09
0.008704573,-5.70E-10
0.008789634,1.38E-09
0.008875247,-5.67E-10
0.008961415,1.37E-09
0.009048138,-5.64E-10
0.009135419,1.37E-09
0.00922326,-5.62E-10
0.009311662,1.37E-09
0.009400627,-5.59E-10
0.009490157,1.37E-09
0.009580253,-5.57E-10
0.009670918,1.36E-09
0.009762153,-5.54E-10
0.00985396,1.36E-09
0.009946341,-5.52E-10
0.010039297,1.36E-09
0.010132831,-5.49E-10
0.010226944,1.36E-09
0.010321638,-5.47E-10
0.010416915,1.35E-09
0.010512776,-5.45E-10
0.010609223,1.35E-09
0.010706259,-5.42E-10
0.010803884,1.35E-09
0.010902102,-5.40E-10
0.011000912,1.35E-09
0.011100318,-5.38E-10
0.011200321,1.35E-09
0.011300922,-5.36E-10
0.011402125,1.34E-09
0.011503929,-5.33E-10
0.011606338,1.34E-09
0.011709353,-5.31E-10
0.011812976,1.34E-09
0.011917208,-5.29E-10
0.012022051,1.34E-09
0.012127508,-5.27E-10
0.012233579,1.34E-09
0.012340268,-5.25E-10
0.012447574,1.33E-09
0.012555501,-5.23E-10
0.01266405,1.33E-09
0.012773223,-5.21E-10
0.012883022,1.33E-09
0.012993447,-5.19E-10
0.013104503,1.33E-09
0.013216189,-5.17E-10
0.013328508,1.33E-09
0.013441461,-5.15E-10
0.013555051,1.32E-09
0.013669279,-5.13E-10
0.013784147,1.32E-09
0.013899656,-5.11E-10
0.014015809,1.32E-09
0.014132608,-5.10E-10
0.014250053,1.32E-09
0.014368148,-5.08E-10
0.014486893,1.32E-09
0.01460629,-5.06E-10
0.014726342,1.31E-09
0.01484705,-5.04E-10
0.014968415,1.31E-09
0.01509044,-5.02E-10
0.015213127,1.31E-09
0.015336476,-5.01E-10
0.015460491,1.31E-09
0.015585172,-4.99E-10
0.015710522,1.31E-09
0.015836543,-4.97E-10
0.015963235,1.31E-09
0.016090601,-4.96E-10
0.016218643,1.30E-09
0.016347362,-4.94E-10
0.016476761,1.30E-09
0.016606841,-4.92E-10
0.016737603,1.30E-09
0.016869051,-4.91E-10
0.017001184,1.30E-09
0.017134006,-4.89E-10
0.017267518,1.30E-09
0.017401721,-4.88E-10
0.017536618,1.30E-09
0.017672211,-4.86E-10
0.0178085,1.29E-09
0.017945489,-4.85E-10
0.018083178,1.29E-09
0.018221569,-4.83E-10
0.018360665,1.29E-09
0.018500467,-4.82E-10
0.018640977,1.29E-09
0.018782197,-4.80E-10
0.018924128,1.29E-09
0.019066772,-4.79E-10
0.019210131,1.29E-09
0.019354207,-4.77E-10
0.019499002,1.29E-09
0.019644517,-4.76E-10
0.019790754,1.28E-09
0.019937715,-4.74E-10
0.020085401,1.28E-09
0.020233816,-4.73E-10
0.020382959,1.28E-09
0.020532834,-4.72E-10
0.020683442,1.28E-09
0.020834784,-4.70E-10
0.020986863,1.28E-09
0.02113968,-4.69E-10
0.021293237,1.28E-09
0.021447535,-4.68E-10
0.021602578,1.28E-09
0.021758366,-4.66E-10
0.021914901,1.27E-09
0.022072185,-4.65E-10
0.022230219,1.27E-09
0.022389007,-4.64E-10
0.022548548,1.27E-09
0.022708846,-4.62E-10
0.022869902,1.27E-09
0.023031717,-4.61E-10
0.023194294,1.27E-09
0.023357634,-4.60E-10
0.023521739,1.27E-09
0.023686611,-4.59E-10
0.023852252,1.27E-09
0.024018663,-4.58E-10
0.024185846,1.27E-09
0.024353803,-4.56E-10
0.024522536,1.26E-09
0.024692047,-4.55E-10
0.024862337,1.26E-09
0.025033408,-4.54E-10
0.025205262,1.26E-09
0.025377901,-4.53E-10
0.025551326,1.26E-09
0.02572554,-4.52E-10
0.025900543,1.26E-09
0.026076339,-4.50E-10
0.026252928,1.26E-09
0.026430313,-4.49E-10
0.026608495,1.26E-09
0.026787476,-4.48E-10
0.026967257,1.26E-09
0.027147842,-4.47E-10
0.02732923,1.26E-09
0.027511425,-4.46E-10
0.027694428,1.25E-09
0.027878241,-4.45E-10
0.028062865,1.25E-09
0.028248302,-4.44E-10
0.028434555,1.25E-09
0.028621624,-4.43E-10
0.028809512,1.25E-09
0.028998221,-4.42E-10
0.029187752,1.25E-09
0.029378107,-4.41E-10
0.029569287,1.25E-09
0.029761296,-4.40E-10
0.029954133,1.25E-09
0.030147802,-4.39E-10
0.030342304,1.25E-09
0.030537641,-4.38E-10
0.030733814,1.25E-09
0.030930826,-4.37E-10
0.031128678,1.25E-09
0.031327371,-4.36E-10
0.031526909,1.24E-09
0.031727292,-4.35E-10
0.031928522,1.24E-09
0.032130601,-4.34E-10
0.032333531,1.24E-09
0.032537314,-4.33E-10
0.032741951,1.24E-09
0.032947445,-4.32E-10
0.033153796,1.24E-09
0.033361007,-4.31E-10
0.03356908,1.24E-09
0.033778016,-4.30E-10
0.033987818,1.24E-09
0.034198486,-4.29E-10
0.034410023,1.24E-09
0.034622431,-4.28E-10
0.03483571,1.24E-09
0.035049864,-4.27E-10
0.035264894,1.24E-09
0.035480802,-4.26E-10
0.035697589,1.23E-09
0.035915257,-4.25E-10
0.036133808,1.23E-09
0.036353244,-4.24E-10
0.036573567,1.23E-09
0.036794778,-4.24E-10
0.037016879,1.23E-09
0.037239873,-4.23E-10
0.03746376,1.23E-09
0.037688542,-4.22E-10
0.037914222,1.23E-09
0.038140801,-4.21E-10
0.038368281,1.23E-09
0.038596664,-4.20E-10
0.038825951,1.23E-09
0.039056144,-4.19E-10
0.039287246,1.23E-09
0.039519257,-4.18E-10
0.03975218,1.23E-09
0.039986016,-4.18E-10
0.040220768,1.23E-09
0.040456436,-4.17E-10
0.040693024,1.23E-09
0.040930532,-4.16E-10
0.041168962,1.22E-09
0.041408316,-4.15E-10
0.041648597,1.22E-09
0.041889805,-4.14E-10
0.042131942,1.22E-09
0.042375011,-4.14E-10
0.042619013,1.22E-09
0.04286395,-4.13E-10
0.043109824,1.22E-09
0.043356635,-4.12E-10
0.043604388,1.22E-09
0.043853082,-4.11E-10
0.04410272,1.22E-09
0.044353304,-4.11E-10
0.044604835,1.22E-09
0.044857315,-4.10E-10
0.045110746,1.22E-09
0.04536513,-4.09E-10
0.045620468,1.22E-09
0.045876763,-4.08E-10
0.046134016,1.22E-09
0.046392229,-4.08E-10
0.046651403,1.22E-09
0.046911541,-4.07E-10
0.047172644,1.22E-09
0.047434715,-4.06E-10
0.047697754,1.21E-09
0.047961763,-4.05E-10
0.048226745,1.21E-09
0.048492702,-4.05E-10
0.048759634,1.21E-09
0.049027544,-4.04E-10
0.049296434,1.21E-09
0.049566305,-4.03E-10
0.049837159,1.21E-09
0.050108998,-4.03E-10
0.050381824,1.21E-09
0.050655638,-4.02E-10
0.050930443,1.21E-09
0.051206239,-4.01E-10
0.05148303,1.21E-09
0.051760816,-4.00E-10
0.052039599,1.21E-09
0.052319382,-4.00E-10
0.052600166,1.21E-09
0.052881953,-3.99E-10
0.053164744,1.21E-09
0.053448541,-3.98E-10
0.053733347,1.21E-09
0.054019163,-3.98E-10
0.05430599,1.21E-09
0.054593831,-3.97E-10
0.054882687,1.21E-09
0.055172561,-3.96E-10
0.055463453,1.21E-09
0.055755366,-3.96E-10
0.056048301,1.20E-09
0.056342261,-3.95E-10
0.056637246,1.20E-09
0.05693326,-3.95E-10
0.057230303,1.20E-09
0.057528378,-3.94E-10
0.057827485,1.20E-09
0.058127628,-3.93E-10
0.058428807,1.20E-09
0.058731025,-3.93E-10
0.059034284,1.20E-09
0.059338584,-3.92E-10
0.059643928,1.20E-09
0.059950318,-3.91E-10
0.060257756,1.20E-09
0.060566243,-3.91E-10
0.060875781,1.20E-09
0.061186371,-3.90E-10
0.061498017,1.20E-09
0.061810718,-3.90E-10
0.062124478,1.20E-09
0.062439298,-3.89E-10
0.06275518,1.20E-09
0.063072126,-3.88E-10
0.063390136,1.20E-09
0.063709214,-3.88E-10
0.064029361,1.20E-09
0.064350578,-3.87E-10
0.064672869,1.20E-09
0.064996233,-3.87E-10
0.065320673,1.20E-09
0.065646192,-3.86E-10
0.06597279,1.19E-09
0.066300469,-3.86E-10
0.066629232,1.19E-09
0.066959079,-3.85E-10
0.067290014,1.19E-09
0.067622037,-3.84E-10
0.06795515,1.19E-09
0.068289356,-3.84E-10
0.068624656,1.19E-09
0.068961051,-3.83E-10
0.069298544,1.19E-09
0.069637136,-3.83E-10
0.06997683,1.19E-09
0.070317626,-3.82E-10
0.070659527,1.19E-09
0.071002534,-3.82E-10
0.07134665,1.19E-09
0.071691876,-3.81E-10
0.072038213,1.19E-09
0.072385664,-3.81E-10
0.072734231,1.19E-09
0.073083915,-3.80E-10
0.073434717,1.19E-09
0.073786641,-3.80E-10
0.074139687,1.19E-09
0.074493858,-3.79E-10
0.074849154,1.19E-09
0.075205579,-3.79E-10
0.075563133,1.19E-09
0.075921819,-3.78E-10
0.076281638,1.19E-09
0.076642592,-3.78E-10
0.077004683,1.19E-09
0.077367913,-3.77E-10
0.077732283,1.19E-09
0.078097795,-3.77E-10
0.078464451,1.19E-09
0.078832253,-3.76E-10
0.079201203,1.18E-09
0.079571302,-3.76E-10
0.079942552,1.18E-09
0.080314956,-3.75E-10
0.080688514,1.18E-09
0.081063228,-3.75E-10
0.081439101,1.18E-09
0.081816134,-3.74E-10
0.082194328,1.18E-09
0.082573687,-3.74E-10
0.082954211,1.18E-09
0.083335902,-3.73E-10
0.083718762,1.18E-09
0.084102793,-3.73E-10
0.084487997,1.18E-09
0.084874375,-3.72E-10
0.085261929,1.18E-09
0.085650661,-3.72E-10
0.086040573,1.18E-09
0.086431667,-3.71E-10
0.086823944,1.18E-09
0.087217406,-3.71E-10
0.087612054,1.18E-09
0.088007892,-3.70E-10
0.08840492,1.18E-09
0.08880314,-3.70E-10
0.089202555,1.18E-09
0.089603165,-3.69E-10
0.090004973,1.18E-09
0.09040798,-3.69E-10
0.090812189,1.18E-09
0.091217601,-3.69E-10
0.091624217,1.18E-09
0.09203204,-3.68E-10
0.092441071,1.18E-09
0.092851313,-3.68E-10
0.093262766,1.18E-09
0.093675433,-3.67E-10
0.094089316,1.18E-09
0.094504416,-3.67E-10
0.094920735,1.18E-09
0.095338274,-3.66E-10
0.095757037,1.18E-09
0.096177024,-3.66E-10
0.096598237,1.17E-09
0.097020679,-3.66E-10
0.09744435,1.17E-09
0.097869252,-3.65E-10
0.098295388,1.17E-09
0.09872276,-3.65E-10
0.099151368,1.17E-09
0.099581215,-3.64E-10
0.100012302,1.17E-09
0.100444632,-3.64E-10
0.100878206,1.17E-09
0.101313026,-3.63E-10
0.101749094,1.17E-09
0.102186411,-3.63E-10
0.102624979,1.17E-09
0.1030648,-3.63E-10
0.103505876,1.17E-09
0.103948209,-3.62E-10
0.1043918,1.17E-09
0.104836652,-3.62E-10
0.105282765,1.17E-09
0.105730142,-3.61E-10
0.106178785,1.17E-09
0.106628695,-3.61E-10
0.107079875,1.17E-09
0.107532325,-3.61E-10
0.107986048,1.17E-09
0.108441045,-3.60E-10
0.108897319,1.17E-09
0.10935487,-3.60E-10
0.109813702,1.17E-09
0.110273815,-3.59E-10
0.110735212,1.17E-09
0.111197894,-3.59E-10
0.111661863,1.17E-09
0.112127121,-3.59E-10
0.112593669,1.17E-09
0.11306151,-3.58E-10
0.113530645,1.17E-09
0.114001076,-3.58E-10
0.114472804,1.17E-09
0.114945832,-3.57E-10
0.115420162,1.17E-09
0.115895794,-3.57E-10
0.116372732,1.17E-09
0.116850976,-3.57E-10
0.117330528,1.17E-09
0.117811391,-3.56E-10
0.118293566,1.17E-09
0.118777055,-3.56E-10
0.119261859,1.16E-09
0.119747981,-3.56E-10
0.120235422,1.16E-09
0.120724183,-3.55E-10
0.121214268,1.16E-09
0.121705677,-3.55E-10
0.122198413,1.16E-09
0.122692476,-3.55E-10
0.12318787,1.16E-09
0.123684595,-3.54E-10
0.124182654,1.16E-09
0.124682048,-3.54E-10
0.125182779,1.16E-09
0.125684849,-3.53E-10
0.12618826,1.16E-09
0.126693013,-3.53E-10
0.12719911,1.16E-09
0.127706553,-3.53E-10
0.128215344,1.16E-09
0.128725485,-3.52E-10
0.129236977,1.16E-09
0.129749822,-3.52E-10
0.130264022,1.16E-09
0.130779579,-3.52E-10
0.131296494,1.16E-09
0.13181477,-3.51E-10
0.132334408,1.16E-09
0.132855409,-3.51E-10
0.133377777,1.16E-09
0.133901511,-3.51E-10
0.134426615,1.16E-09
0.13495309,-3.50E-10
0.135480938,1.16E-09
0.136010161,-3.50E-10
0.136540759,1.16E-09
0.137072736,-3.50E-10
0.137606093,1.16E-09
0.138140832,-3.49E-10
0.138676954,1.16E-09
0.139214462,-3.49E-10
0.139753357,1.16E-09
0.14029364,-3.49E-10
0.140835314,1.16E-09
0.141378381,-3.48E-10
0.141922842,1.16E-09
0.142468699,-3.48E-10
0.143015954,1.16E-09
0.143564609,-3.48E-10
0.144114665,1.16E-09
0.144666124,-3.47E-10
0.145218988,1.16E-09
0.145773259,-3.47E-10
0.146328939,1.16E-09
0.146886029,-3.47E-10
0.147444531,1.16E-09
0.148004446,-3.46E-10
0.148565778,1.16E-09
0.149128527,-3.46E-10
0.149692696,1.15E-09
0.150258285,-3.46E-10
0.150825298,1.15E-09
0.151393735,-3.46E-10
0.151963598,1.15E-09
0.15253489,-3.45E-10
0.153107612,1.15E-09
0.153681765,-3.45E-10
0.154257352,1.15E-09
0.154834375,-3.45E-10
0.155412835,1.15E-09
0.155992733,-3.44E-10
0.156574073,1.15E-09
0.157156854,-3.44E-10
0.157741081,1.15E-09
0.158326753,-3.44E-10
0.158913873,1.15E-09
0.159502443,-3.43E-10
0.160092464,1.15E-09
0.160683939,-3.43E-10
0.161276869,1.15E-09
0.161871255,-3.43E-10
0.1624671,1.15E-09
0.163064406,-3.43E-10
0.163663174,1.15E-09
0.164263405,-3.42E-10
0.164865103,1.15E-09
0.165468268,-3.42E-10
0.166072902,1.15E-09
0.166679008,-3.42E-10
0.167286586,1.15E-09
0.167895639,-3.41E-10
0.168506169,1.15E-09
0.169118177,-3.41E-10
0.169731665,1.15E-09
0.170346634,-3.41E-10
0.170963088,1.15E-09
0.171581027,-3.41E-10
0.172200453,1.15E-09
0.172821368,-3.40E-10
0.173443774,1.15E-09
0.174067672,-3.40E-10
0.174693065,1.15E-09
0.175319954,-3.40E-10
0.175948341,1.15E-09
0.176578228,-3.39E-10
0.177209616,1.15E-09
0.177842507,-3.39E-10
0.178476904,1.15E-09
0.179112807,-3.39E-10
0.179750219,1.15E-09
0.180389142,-3.39E-10
0.181029577,1.15E-09
0.181671526,-3.38E-10
0.18231499,1.15E-09
0.182959973,-3.38E-10
0.183606474,1.15E-09
0.184254497,-3.38E-10
0.184904043,1.15E-09
0.185555114,-3.38E-10
0.186207711,1.15E-09
0.186861836,-3.37E-10
0.187517492,1.15E-09
0.188174679,-3.37E-10
0.1888334,1.15E-09
0.189493657,-3.37E-10
0.190155451,1.15E-09
0.190818784,-3.36E-10
0.191483658,1.15E-09
0.192150074,-3.36E-10
0.192818035,1.15E-09
0.193487542,-3.36E-10
0.194158597,1.14E-09
0.194831202,-3.36E-10
0.195505358,1.14E-09
0.196181068,-3.35E-10
0.196858333,1.14E-09
0.197537155,-3.35E-10
0.198217535,1.14E-09
0.198899476,-3.35E-10
0.19958298,1.14E-09
0.200268047,-3.35E-10
0.200954681,1.14E-09
0.201642881,-3.34E-10
0.202332652,1.14E-09
0.203023994,-3.34E-10
0.203716908,1.14E-09
0.204411398,-3.34E-10
0.205107464,1.14E-09
0.205805108,-3.34E-10
0.206504333,1.14E-09
0.207205139,-3.33E-10
0.20790753,1.14E-09
0.208611505,-3.33E-10
0.209317069,1.14E-09
0.210024221,-3.33E-10
0.210732964,1.14E-09
0.2114433,-3.33E-10
0.21215523,1.14E-09
0.212868757,-3.32E-10
0.213583881,1.14E-09
0.214300606,-3.32E-10
0.215018932,1.14E-09
0.215738861,-3.32E-10
0.216460396,1.14E-09
0.217183538,-3.32E-10
0.217908288,1.14E-09
0.218634649,-3.31E-10
0.219362622,1.14E-09
0.22009221,-3.31E-10
0.220823413,1.14E-09
0.221556234,-3.31E-10
0.222290675,1.14E-09
0.223026736,-3.31E-10
0.223764421,1.14E-09
0.224503731,-3.31E-10
0.225244668,1.14E-09
0.225987232,-3.30E-10
0.226731427,1.14E-09
0.227477254,-3.30E-10
0.228224715,1.14E-09
0.228973812,-3.30E-10
0.229724546,1.14E-09
0.230476919,-3.30E-10
0.231230932,1.14E-09
0.231986589,-3.29E-10
0.23274389,1.14E-09
0.233502838,-3.29E-10
0.234263433,1.14E-09
0.235025679,-3.29E-10
0.235789576,1.14E-09
0.236555126,-3.29E-10
0.237322332,1.14E-09
0.238091195,-3.29E-10
0.238861717,1.14E-09
0.239633899,-3.28E-10
0.240407744,1.14E-09
0.241183253,-3.28E-10
0.241960427,1.14E-09
0.24273927,-3.28E-10
0.243519782,1.14E-09
0.244301966,-3.28E-10
0.245085822,1.14E-09
0.245871354,-3.27E-10
0.246658562,1.14E-09
0.247447448,-3.27E-10
0.248238015,1.14E-09
0.249030264,-3.27E-10
0.249824197,1.14E-09
0.250619816,-3.27E-10
0.251417121,1.14E-09
0.252216117,-3.27E-10
0.253016803,1.14E-09
0.253819182,-3.26E-10
0.254623255,1.14E-09
0.255429025,-3.26E-10
0.256236493,1.13E-09
0.257045661,-3.26E-10
0.25785653,1.13E-09
0.258669103,-3.26E-10
0.259483382,1.13E-09
0.260299367,-3.25E-10
0.261117061,1.13E-09
0.261936466,-3.25E-10
0.262757584,1.13E-09
0.263580416,-3.25E-10
0.264404963,1.13E-09
0.265231229,-3.25E-10
0.266059214,1.13E-09
0.26688892,-3.25E-10
0.26772035,1.13E-09
0.268553505,-3.24E-10
0.269388386,1.13E-09
0.270224996,-3.24E-10
0.271063336,1.13E-09
0.271903408,-3.24E-10
0.272745215,1.13E-09
0.273588757,-3.24E-10
0.274434036,1.13E-09
0.275281055,-3.24E-10
0.276129814,1.13E-09
0.276980317,-3.23E-10
0.277832564,1.13E-09
0.278686557,-3.23E-10
0.279542299,1.13E-09
0.280399791,-3.23E-10
0.281259034,1.13E-09
0.282120031,-3.23E-10
0.282982784,1.13E-09
0.283847293,-3.23E-10
0.284713562,1.13E-09
0.285581591,-3.22E-10
0.286451383,1.13E-09
0.287322939,-3.22E-10
0.288196261,1.13E-09
0.28907135,-3.22E-10
0.28994821,1.13E-09
0.290826841,-3.22E-10
0.291707245,1.13E-09
0.292589424,-3.22E-10
0.29347338,1.13E-09
0.294359115,-3.21E-10
0.29524663,1.13E-09
0.296135927,-3.21E-10
0.297027008,1.13E-09
0.297919874,-3.21E-10
0.298814529,1.13E-09
0.299710972,-3.21E-10
0.300609207,1.13E-09
0.301509235,-3.21E-10
0.302411057,1.13E-09
0.303314675,-3.21E-10
0.304220092,1.13E-09
0.305127309,-3.20E-10
0.306036328,1.13E-09
0.306947151,-3.20E-10
0.307859778,1.13E-09
0.308774213,-3.20E-10
0.309690457,1.13E-09
0.310608512,-3.20E-10
0.311528379,1.13E-09
0.312450061,-3.20E-10
0.313373559,1.13E-09
0.314298874,-3.19E-10
0.31522601,1.13E-09
0.316154966,-3.19E-10
0.317085746,1.13E-09
0.318018352,-3.19E-10
0.318952784,1.13E-09
0.319889044,-3.19E-10
0.320827135,1.13E-09
0.321767058,-3.19E-10
0.322708816,1.13E-09
0.323652409,-3.19E-10
0.324597839,1.13E-09
0.325545109,-3.18E-10
0.32649422,1.13E-09
0.327445174,-3.18E-10
0.328397973,1.13E-09
0.329352619,-3.18E-10
0.330309112,1.13E-09
0.331267456,-3.18E-10
0.332227651,1.13E-09
0.3331897,-3.18E-10
0.334153605,1.13E-09
0.335119367,-3.17E-10
0.336086988,1.13E-09
0.33705647,-3.17E-10
0.338027814,1.13E-09
0.339001022,-3.17E-10
0.339976097,1.13E-09
0.34095304,-3.17E-10
0.341931853,1.13E-09
0.342912537,-3.17E-10
0.343895094,1.13E-09
0.344879527,-3.17E-10
0.345865836,1.13E-09
0.346854024,-3.16E-10
0.347844093,1.13E-09
0.348836044,-3.16E-10
0.349829879,1.13E-09
0.350825599,-3.16E-10
0.351823208,1.12E-09
0.352822705,-3.16E-10
0.353824094,1.12E-09
0.354827376,-3.16E-10
0.355832553,1.12E-09
0.356839626,-3.16E-10
0.357848598,1.12E-09
0.35885947,-3.15E-10
0.359872243,1.12E-09
0.360886921,-3.15E-10
0.361903503,1.12E-09
0.362921994,-3.15E-10
0.363942393,1.12E-09
0.364964703,-3.15E-10
0.365988926,1.12E-09
0.367015063,-3.15E-10
0.368043116,1.12E-09
0.369073088,-3.15E-10
0.370104979,1.12E-09
0.371138792,-3.14E-10
0.372174528,1.12E-09
0.373212189,-3.14E-10
0.374251777,1.12E-09
0.375293294,-3.14E-10
0.376336742,1.12E-09
0.377382122,-3.14E-10
0.378429436,1.12E-09
0.379478686,-3.14E-10
0.380529873,1.12E-09
0.381583,-3.14E-10
0.382638068,1.12E-09
0.383695079,-3.13E-10
0.384754035,1.12E-09
0.385814938,-3.13E-10
0.386877789,1.12E-09
0.38794259,-3.13E-10
0.389009344,1.12E-09
0.390078051,-3.13E-10
0.391148713,1.12E-09
0.392221333,-3.13E-10
0.393295912,1.12E-09
0.394372452,-3.13E-10
0.395450955,1.12E-09
0.396531422,-3.12E-10
0.397613855,1.12E-09
0.398698256,-3.12E-10
0.399784628,1.12E-09
0.400872971,-3.12E-10
0.401963287,1.12E-09
0.403055579,-3.12E-10
0.404149847,1.12E-09
0.405246094,-3.12E-10
0.406344322,1.12E-09
0.407444533,-3.12E-10
0.408546727,1.12E-09
0.409650907,-3.12E-10
0.410757075,1.12E-09
0.411865233,-3.11E-10
0.412975382,1.12E-09
0.414087524,-3.11E-10
0.415201661,1.12E-09
0.416317794,-3.11E-10
0.417435926,1.12E-09
0.418556058,-3.11E-10
0.419678192,1.12E-09
0.42080233,-3.11E-10
0.421928474,1.12E-09
0.423056625,-3.11E-10
0.424186785,1.12E-09
0.425318956,-3.11E-10
0.42645314,1.12E-09
0.427589339,-3.10E-10
0.428727553,1.12E-09
0.429867786,-3.10E-10
0.431010039,1.12E-09
0.432154313,-3.10E-10
0.433300611,1.12E-09
0.434448935,-3.10E-10
0.435599285,1.12E-09
0.436751664,-3.10E-10
0.437906074,1.12E-09
0.439062516,-3.10E-10
0.440220992,1.12E-09
0.441381504,-3.10E-10
0.442544054,1.12E-09
0.443708644,-3.09E-10
0.444875275,1.12E-09
0.446043949,-3.09E-10
0.447214668,1.12E-09
0.448387434,-3.09E-10
0.449562248,1.12E-09
0.450739112,-3.09E-10
0.451918029,1.12E-09
0.453099,-3.09E-10
0.454282026,1.12E-09
0.455467109,-3.09E-10
0.456654252,1.12E-09
0.457843456,-3.09E-10
0.459034722,1.12E-09
0.460228053,-3.08E-10
0.461423451,1.12E-09
0.462620917,-3.08E-10
0.463820452,1.12E-09
0.46502206,-3.08E-10
0.466225741,1.12E-09
0.467431497,-3.08E-10
0.46863933,1.12E-09
0.469849242,-3.08E-10
0.471061235,1.12E-09
0.472275311,-3.08E-10
0.47349147,1.12E-09
0.474709716,-3.08E-10
0.475930049,1.12E-09
0.477152472,-3.07E-10
0.478376987,1.12E-09
0.479603595,-3.07E-10
0.480832297,1.12E-09
0.482063097,-3.07E-10
0.483295995,1.12E-09
0.484530993,-3.07E-10
0.485768093,1.12E-09
0.487007298,-3.07E-10
0.488248608,1.12E-09
0.489492025,-3.07E-10
0.490737552,1.12E-09
0.49198519,-3.07E-10
0.49323494,1.12E-09
0.494486806,-3.06E-10
0.495740787,1.12E-09
0.496996887,-3.06E-10
0.498255107,1.12E-09
0.499515449,-3.06E-10
0.500001,1.11E-09
0.500001001,-3.48E-06
0.500002001,-1.25E-04
0.500002002,-1.22E-04
0.500002039,-6.16E-05
0.500002095,-2.51E-05
0.500002207,4.59E-06
0.500002431,-2.23E-06
0.50000274,1.34E-06
0.500003358,-1.04E-06
0.500004594,9.16E-07
0.500007066,-8.60E-07
0.50001201,8.34E-07
0.500021897,-8.21E-07
0.500041673,8.14E-07
0.500081224,-8.11E-07
0.500160325,8.10E-07
0.500318528,-8.09E-07
0.500634934,8.08E-07
0.501267746,-8.08E-07
0.502513648,8.08E-07
0.503761612,-8.08E-07
0.505011641,8.08E-07
0.506263736,-8.08E-07
0.507517899,8.08E-07
0.508774131,-8.08E-07
0.510032435,8.08E-07
0.511292812,-8.07E-07
0.512555263,8.07E-07
0.513819791,-8.07E-07
0.515086397,8.07E-07
0.516355082,-8.07E-07
0.51762585,8.07E-07
0.5188987,-8.07E-07
0.520173636,8.07E-07
0.521450658,-8.07E-07
0.522729768,8.07E-07
0.524010968,-8.07E-07
0.52529426,8.06E-07
0.526579646,-8.06E-07
0.527867127,8.06E-07
0.529156705,-8.06E-07
0.530448381,8.06E-07
0.531742157,-8.06E-07
0.533038036,8.06E-07
0.534336018,-8.06E-07
0.535636106,8.06E-07
0.536938301,-8.06E-07
0.538242604,8.05E-07
0.539549018,-8.05E-07
0.540857544,8.05E-07
0.542168185,-8.05E-07
0.543480941,8.05E-07
0.544795814,-8.05E-07
0.546112806,8.05E-07
0.547431919,-8.05E-07
0.548753155,8.05E-07
0.550076514,-8.05E-07
0.551402,8.04E-07
0.552729613,-8.04E-07
0.554059356,8.04E-07
0.555391229,-8.04E-07
0.556725235,8.04E-07
0.558061376,-8.04E-07
0.559399652,8.04E-07
0.560740067,-8.04E-07
0.562082621,8.04E-07
0.563427316,-8.04E-07
0.564774155,8.04E-07
0.566123137,-8.03E-07
0.567474267,8.03E-07
0.568827544,-8.03E-07
0.570182971,8.03E-07
0.571540549,-8.03E-07
0.572900281,8.03E-07
0.574262168,-8.03E-07
0.575626211,8.03E-07
0.576992412,-8.03E-07
0.578360774,8.03E-07
0.579731297,-8.03E-07
0.581103983,8.02E-07
0.582478835,-8.02E-07
0.583855854,8.02E-07
0.585235041,-8.02E-07
0.586616398,8.02E-07
0.587999927,-8.02E-07
0.58938563,8.02E-07
0.590773508,-8.02E-07
0.592163564,8.02E-07
0.593555798,-8.02E-07
0.594950212,8.02E-07
0.596346809,-8.01E-07
0.59774559,8.01E-07
0.599146556,-8.01E-07
0.600549709,8.01E-07
0.601955052,-8.01E-07
0.603362585,8.01E-07
0.604772311,-8.01E-07
0.606184231,8.01E-07
0.607598346,-8.01E-07
0.609014659,8.01E-07
0.610433172,-8.01E-07
0.611853885,8.01E-07
0.613276801,-8.00E-07
0.614701922,8.00E-07
0.616129248,-8.00E-07
0.617558782,8.00E-07
0.618990526,-8.00E-07
0.620424481,8.00E-07
0.621860649,-8.00E-07
0.623299031,8.00E-07
0.62473963,-8.00E-07
0.626182446,8.00E-07
0.627627483,-8.00E-07
0.629074741,7.99E-07
0.630524222,-7.99E-07
0.631975927,7.99E-07
0.63342986,-7.99E-07
0.63488602,7.99E-07
0.636344411,-7.99E-07
0.637805033,7.99E-07
0.639267889,-7.99E-07
0.640732979,7.99E-07
0.642200307,-7.99E-07
0.643669873,7.99E-07
0.645141679,-7.99E-07
0.646615727,7.98E-07
0.648092018,-7.98E-07
0.649570555,7.98E-07
0.651051339,-7.98E-07
0.652534372,7.98E-07
0.654019655,-7.98E-07
0.65550719,7.98E-07
0.656996979,-7.98E-07
0.658489024,7.98E-07
0.659983326,-7.98E-07
0.661479887,7.98E-07
0.662978708,-7.98E-07
0.664479792,7.97E-07
0.66598314,-7.97E-07
0.667488754,7.97E-07
0.668996635,-7.97E-07
0.670506785,7.97E-07
0.672019207,-7.97E-07
0.673533901,7.97E-07
0.675050869,-7.97E-07
0.676570113,7.97E-07
0.678091635,-7.97E-07
0.679615437,7.97E-07
0.681141519,-7.97E-07
0.682669885,7.96E-07
0.684200534,-7.96E-07
0.685733471,7.96E-07
0.687268695,-7.96E-07
0.688806209,7.96E-07
0.690346014,-7.96E-07
0.691888112,7.96E-07
0.693432505,-7.96E-07
0.694979195,7.96E-07
0.696528183,-7.96E-07
0.698079471,7.96E-07
0.69963306,-7.96E-07
0.701188953,7.96E-07
0.70274715,-7.95E-07
0.704307655,7.95E-07
0.705870467,-7.95E-07
0.70743559,7.95E-07
0.709003025,-7.95E-07
0.710572774,7.95E-07
0.712144837,-7.95E-07
0.713719218,7.95E-07
0.715295917,-7.95E-07
0.716874937,7.95E-07
0.718456279,-7.95E-07
0.720039944,7.95E-07
0.721625935,-7.95E-07
0.723214254,7.94E-07
0.724804901,-7.94E-07
0.726397879,7.94E-07
0.727993189,-7.94E-07
0.729590833,7.94E-07
0.731190813,-7.94E-07
0.73279313,7.94E-07
0.734397787,-7.94E-07
0.736004784,7.94E-07
0.737614124,-7.94E-07
0.739225808,7.94E-07
0.740839838,-7.94E-07
0.742456216,7.94E-07
0.744074943,-7.93E-07
0.745696022,7.93E-07
0.747319453,-7.93E-07
0.748945238,7.93E-07
0.75057338,-7.93E-07
0.75220388,7.93E-07
0.753836739,-7.93E-07
0.75547196,7.93E-07
0.757109544,-7.93E-07
0.758749492,7.93E-07
0.760391807,-7.93E-07
0.76203649,7.93E-07
0.763683543,-7.93E-07
0.765332967,7.92E-07
0.766984765,-7.92E-07
0.768638938,7.92E-07
0.770295487,-7.92E-07
0.771954415,7.92E-07
0.773615723,-7.92E-07
0.775279413,7.92E-07
0.776945486,-7.92E-07
0.778613945,7.92E-07
0.78028479,-7.92E-07
0.781958024,7.92E-07
0.783633648,-7.92E-07
0.785311665,7.92E-07
0.786992075,-7.91E-07
0.78867488,7.91E-07
0.790360083,-7.91E-07
0.792047685,7.91E-07
0.793737687,-7.91E-07
0.795430091,7.91E-07
0.7971249,-7.91E-07
0.798822114,7.91E-07
0.800521735,-7.91E-07
0.802223766,7.91E-07
0.803928207,-7.91E-07
0.805635061,7.91E-07
0.80734433,-7.91E-07
0.809056014,7.91E-07
0.810770115,-7.90E-07
0.812486636,7.90E-07
0.814205579,-7.90E-07
0.815926943,7.90E-07
0.817650733,-7.90E-07
0.819376948,7.90E-07
0.821105592,-7.90E-07
0.822836665,7.90E-07
0.824570169,-7.90E-07
0.826306106,7.90E-07
0.828044478,-7.90E-07
0.829785286,7.90E-07
0.831528533,-7.90E-07
0.833274219,7.90E-07
0.835022346,-7.90E-07
0.836772917,7.89E-07
0.838525933,-7.89E-07
0.840281396,7.89E-07
0.842039307,-7.89E-07
0.843799668,7.89E-07
0.84556248,-7.89E-07
0.847327746,7.89E-07
0.849095468,-7.89E-07
0.850865646,7.89E-07
0.852638283,-7.89E-07
0.85441338,7.89E-07
0.856190939,-7.89E-07
0.857970962,7.89E-07
0.85975345,-7.89E-07
0.861538405,7.88E-07
0.863325829,-7.88E-07
0.865115724,7.88E-07
0.86690809,-7.88E-07
0.868702931,7.88E-07
0.870500248,-7.88E-07
0.872300041,7.88E-07
0.874102314,-7.88E-07
0.875907068,7.88E-07
0.877714304,-7.88E-07
0.879524024,7.88E-07
0.88133623,-7.88E-07
0.883150924,7.88E-07
0.884968107,-7.88E-07
0.886787781,7.88E-07
0.888609947,-7.87E-07
0.890434608,7.87E-07
0.892261766,-7.87E-07
0.894091421,7.87E-07
0.895923575,-7.87E-07
0.897758231,7.87E-07
0.89959539,-7.87E-07
0.901435053,7.87E-07
0.903277223,-7.87E-07
0.905121901,7.87E-07
0.906969088,-7.87E-07
0.908818787,7.87E-07
0.910670999,-7.87E-07
0.912525727,7.87E-07
0.91438297,-7.87E-07
0.916242732,7.86E-07
0.918105014,-7.86E-07
0.919969818,7.86E-07
0.921837145,-7.86E-07
0.923706997,7.86E-07
0.925579376,-7.86E-07
0.927454284,7.86E-07
0.929331722,-7.86E-07
0.931211691,7.86E-07
0.933094195,-7.86E-07
0.934979234,7.86E-07
0.936866809,-7.86E-07
0.938756924,7.86E-07
0.940649579,-7.86E-07
0.942544776,7.86E-07
0.944442518,-7.85E-07
0.946342804,7.85E-07
0.948245638,-7.85E-07
0.950151021,7.85E-07
0.952058955,-7.85E-07
0.953969441,7.85E-07
0.955882482,-7.85E-07
0.957798078,7.85E-07
0.959716232,-7.85E-07
0.961636944,7.85E-07
0.963560218,-7.85E-07
0.965486055,7.85E-07
0.967414456,-7.85E-07
0.969345423,7.85E-07
0.971278958,-7.85E-07
0.973215062,7.85E-07
0.975153737,-7.84E-07
0.977094986,7.84E-07
0.979038808,-7.84E-07
0.980985208,7.84E-07
0.982934185,-7.84E-07
0.984885742,7.84E-07
0.98683988,-7.84E-07
0.988796602,7.84E-07
0.990755908,-7.84E-07
0.992717801,7.84E-07
0.994682282,-7.84E-07
0.996649353,7.84E-07
0.998619016,-7.84E-07
1,7.84E-07
1.000000001,4.26E-06
1.000001,1.26E-04
1.000001001,1.23E-04
1.001970799,2.23E-09
1.002311353,4.05E-10
1.002615866,4.04E-10
1.00322489,4.05E-10
1.00444294,4.04E-10
1.006133794,4.05E-10
1.008084278,4.04E-10
1.010060914,4.05E-10
1.012040132,4.04E-10
1.014021934,4.05E-10
1.016006321,4.04E-10
1.017993296,4.05E-10
1.019982859,4.04E-10
1.021975013,4.05E-10
1.023969759,4.04E-10
1.0259671,4.05E-10
1.027967035,4.04E-10
1.029969569,4.05E-10
1.031974701,4.04E-10
1.033982434,4.05E-10
1.035992769,4.04E-10
1.038005708,4.05E-10
1.040021253,4.04E-10
1.042039406,4.05E-10
1.044060167,4.04E-10
1.04608354,4.05E-10
1.048109525,4.04E-10
1.050138124,4.05E-10
1.052169339,4.04E-10
1.054203171,4.05E-10
1.056239623,4.04E-10
1.058278696,4.05E-10
1.060320391,4.04E-10
1.06236471,4.05E-10
1.064411656,4.04E-10
1.066461229,4.05E-10
1.068513432,4.04E-10
1.070568265,4.05E-10
1.072625731,4.04E-10
1.074685832,4.05E-10
1.076748569,4.04E-10
1.078813943,4.05E-10
1.080881957,4.04E-10
1.082952612,4.05E-10
1.08502591,4.04E-10
1.087101853,4.05E-10
1.089180441,4.04E-10
1.091261678,4.05E-10
1.093345564,4.04E-10
1.095432101,4.05E-10
1.097521291,4.04E-10
1.099613136,4.05E-10
1.101707637,4.04E-10
1.103804797,4.05E-10
1.105904616,4.04E-10
1.108007096,4.05E-10
1.110112239,4.04E-10
1.112220047,4.05E-10
1.114330522,4.04E-10
1.116443664,4.05E-10
1.118559477,4.04E-10
1.12067796,4.05E-10
1.122799118,4.04E-10
1.124922949,4.05E-10
1.127049458,4.04E-10
1.129178644,4.05E-10
1.131310511,4.04E-10
1.133445059,4.05E-10
1.135582291,4.04E-10
1.137722207,4.05E-10
1.13986481,4.04E-10
1.142010101,4.05E-10
1.144158083,4.04E-10
1.146308756,4.05E-10
1.148462122,4.04E-10
1.150618184,4.05E-10
1.152776942,4.04E-10
1.154938399,4.05E-10
1.157102556,4.04E-10
1.159269414,4.05E-10
1.161438977,4.04E-10
1.163611244,4.05E-10
1.165786218,4.04E-10
1.167963901,4.05E-10
1.170144294,4.04E-10
1.172327399,4.05E-10
1.174513218,4.04E-10
1.176701752,4.05E-10
1.178893003,4.04E-10
1.181086973,4.05E-10
1.183283662,4.04E-10
1.185483075,4.05E-10
1.18768521,4.04E-10
1.189890071,4.05E-10
1.19209766,4.04E-10
1.194307977,4.05E-10
1.196521024,4.04E-10
1.198736804,4.05E-10
1.200955317,4.04E-10
1.203176566,4.05E-10
1.205400553,4.04E-10
1.207627278,4.05E-10
1.209856744,4.04E-10
1.212088952,4.05E-10
1.214323904,4.04E-10
1.216561601,4.05E-10
1.218802046,4.04E-10
1.22104524,4.05E-10
1.223291185,4.04E-10
1.225539882,4.05E-10
1.227791333,4.04E-10
1.23004554,4.05E-10
1.232302504,4.04E-10
1.234562227,4.05E-10
1.236824712,4.04E-10
1.239089958,4.05E-10
1.241357969,4.04E-10
1.243628746,4.05E-10
1.24590229,4.04E-10
1.248178604,4.05E-10
1.250457688,4.04E-10
1.252739546,4.05E-10
1.255024177,4.04E-10
1.257311584,4.05E-10
1.259601769,4.04E-10
1.261894734,4.05E-10
1.264190479,4.04E-10
1.266489007,4.05E-10
1.26879032,4.04E-10
1.271094418,4.05E-10
1.273401305,4.04E-10
1.275710981,4.05E-10
1.278023448,4.04E-10
1.280338708,4.05E-10
1.282656762,4.04E-10
1.284977613,4.05E-10
1.287301261,4.04E-10
1.289627709,4.05E-10
1.291956959,4.04E-10
1.294289011,4.05E-10
1.296623868,4.04E-10
1.298961531,4.05E-10
1.301302002,4.04E-10
1.303645283,4.05E-10
1.305991375,4.04E-10
1.308340281,4.05E-10
1.310692001,4.04E-10
1.313046537,4.05E-10
1.315403892,4.04E-10
1.317764066,4.05E-10
1.320127062,4.04E-10
1.322492882,4.05E-10
1.324861525,4.04E-10
1.327232996,4.05E-10
1.329607295,4.04E-10
1.331984423,4.05E-10
1.334364384,4.04E-10
1.336747177,4.05E-10
1.339132806,4.04E-10
1.341521271,4.05E-10
1.343912574,4.04E-10
1.346306718,4.05E-10
1.348703703,4.04E-10
1.351103532,4.05E-10
1.353506206,4.04E-10
1.355911726,4.05E-10
1.358320095,4.04E-10
1.360731314,4.05E-10
1.363145385,4.04E-10
1.36556231,4.05E-10
1.367982089,4.04E-10
1.370404726,4.05E-10
1.372830221,4.04E-10
1.375258576,4.05E-10
1.377689793,4.04E-10
1.380123874,4.05E-10
1.382560821,4.04E-10
1.385000634,4.05E-10
1.387443316,4.04E-10
1.389888868,4.05E-10
1.392337292,4.04E-10
1.39478859,4.05E-10
1.397242764,4.04E-10
1.399699814,4.05E-10
1.402159744,4.04E-10
1.404622554,4.05E-10
1.407088246,4.04E-10
1.409556821,4.05E-10
1.412028283,4.04E-10
1.414502631,4.05E-10
1.416979869,4.04E-10
1.419459997,4.05E-10
1.421943018,4.04E-10
1.424428932,4.05E-10
1.426917742,4.04E-10
1.429409449,4.05E-10
1.431904056,4.04E-10
1.434401563,4.05E-10
1.436901972,4.04E-10
1.439405286,4.05E-10
1.441911505,4.04E-10
1.444420632,4.05E-10
1.446932668,4.04E-10
1.449447614,4.05E-10
1.451965474,4.04E-10
1.454486247,4.05E-10
1.457009936,4.04E-10
1.459536543,4.05E-10
1.462066069,4.04E-10
1.464598516,4.05E-10
1.467133886,4.04E-10
1.46967218,4.05E-10
1.4722134,4.04E-10
1.474757547,4.05E-10
1.477304624,4.04E-10
1.479854632,4.05E-10
1.482407573,4.04E-10
1.484963448,4.05E-10
1.487522259,4.04E-10
1.490084008,4.05E-10
1.492648697,4.04E-10
1.495216326,4.05E-10
1.497786899,4.04E-10
1.500001,4.05E-10
1.500001001,-3.48E-06
1.500002001,-1.25E-04
1.500002002,-1.22E-04
1.500002039,-6.16E-05
1.500002095,-2.51E-05
1.500002207,4.59E-06
1.500002431,-2.23E-06
1.50000274,1.34E-06
1.500003358,-1.04E-06
1.500004594,9.16E-07
1.500007067,-8.60E-07
1.500012011,8.34E-07
1.5000219,-8.21E-07
1.500041677,8.15E-07
1.500081233,-8.11E-07
1.500160343,8.10E-07
1.500318565,-8.09E-07
1.500635007,8.09E-07
1.501267892,-8.08E-07
1.502533662,8.08E-07
1.505065202,-8.08E-07
1.507619046,8.08E-07
1.510175777,-8.08E-07
1.512735397,8.08E-07
1.515297907,-8.08E-07
1.51786331,8.08E-07
1.520431607,-8.08E-07
1.523002799,8.08E-07
1.525576888,-8.08E-07
1.528153876,8.08E-07
1.530733764,-8.08E-07
1.533316555,8.08E-07
1.535902249,-8.08E-07
1.538490848,8.08E-07
1.541082354,-8.08E-07
1.543676769,8.07E-07
1.546274094,-8.07E-07
1.548874331,8.07E-07
1.551477481,-8.07E-07
1.554083546,8.07E-07
1.556692528,-8.07E-07
1.559304428,8.07E-07
1.561919248,-8.07E-07
1.56453699,8.07E-07
1.567157655,-8.07E-07
1.569781245,8.07E-07
1.572407761,-8.07E-07
1.575037206,8.07E-07
1.57766958,-8.07E-07
1.580304885,8.07E-07
1.582943124,-8.07E-07
1.585584297,8.07E-07
1.588228406,-8.07E-07
1.590875454,8.07E-07
1.593525441,-8.07E-07
1.596178369,8.07E-07
1.59883424,-8.06E-07
1.601493055,8.06E-07
1.604154816,-8.06E-07
1.606819525,8.06E-07
1.609487183,-8.06E-07
1.612157793,8.06E-07
1.614831354,-8.06E-07
1.617507871,8.06E-07
1.620187342,-8.06E-07
1.622869772,8.06E-07
1.62555516,-8.06E-07
1.62824351,8.06E-07
1.630934821,-8.06E-07
1.633629097,8.06E-07
1.636326338,-8.06E-07
1.639026546,8.06E-07
1.641729724,-8.06E-07
1.644435872,8.06E-07
1.647144992,-8.06E-07
1.649857086,8.06E-07
1.652572155,-8.06E-07
1.655290201,8.06E-07
1.658011226,-8.05E-07
1.660735231,8.05E-07
1.663462219,-8.05E-07
1.666192189,8.05E-07
1.668925145,-8.05E-07
1.671661088,8.05E-07
1.67440002,-8.05E-07
1.677141941,8.05E-07
1.679886854,-8.05E-07
1.682634761,8.05E-07
1.685385662,-8.05E-07
1.68813956,8.05E-07
1.690896457,-8.05E-07
1.693656353,8.05E-07
1.696419251,-8.05E-07
1.699185152,8.05E-07
1.701954058,-8.05E-07
1.70472597,8.05E-07
1.70750089,-8.05E-07
1.71027882,8.05E-07
1.713059761,-8.05E-07
1.715843715,8.05E-07
1.718630684,-8.04E-07
1.721420669,8.04E-07
1.724213671,-8.04E-07
1.727009694,8.04E-07
1.729808737,-8.04E-07
1.732610803,8.04E-07
1.735415893,-8.04E-07
1.738224009,8.04E-07
1.741035153,-8.04E-07
1.743849327,8.04E-07
1.746666531,-8.04E-07
1.749486767,8.04E-07
1.752310038,-8.04E-07
1.755136345,8.04E-07
1.757965688,-8.04E-07
1.760798071,8.04E-07
1.763633495,-8.04E-07
1.766471961,8.04E-07
1.769313471,-8.04E-07
1.772158026,8.04E-07
1.775005629,-8.04E-07
1.77785628,8.04E-07
1.780709982,-8.04E-07
1.783566736,8.03E-07
1.786426544,-8.03E-07
1.789289407,8.03E-07
1.792155327,-8.03E-07
1.795024306,8.03E-07
1.797896344,-8.03E-07
1.800771445,8.03E-07
1.80364961,-8.03E-07
1.806530839,8.03E-07
1.809415135,-8.03E-07
1.8123025,8.03E-07
1.815192934,-8.03E-07
1.818086441,8.03E-07
1.82098302,-8.03E-07
1.823882675,8.03E-07
1.826785406,-8.03E-07
1.829691215,8.03E-07
1.832600104,-8.03E-07
1.835512074,8.03E-07
1.838427128,-8.03E-07
1.841345266,8.03E-07
1.844266491,-8.03E-07
1.847190804,8.03E-07
1.850118206,-8.02E-07
1.853048699,8.02E-07
1.855982286,-8.02E-07
1.858918966,8.02E-07
1.861858743,-8.02E-07
1.864801618,8.02E-07
1.867747592,-8.02E-07
1.870696667,8.02E-07
1.873648845,-8.02E-07
1.876604127,8.02E-07
1.879562515,-8.02E-07
1.882524011,8.02E-07
1.885488616,-8.02E-07
1.888456331,8.02E-07
1.891427159,-8.02E-07
1.894401101,8.02E-07
1.897378159,-8.02E-07
1.900358334,8.02E-07
1.903341628,-8.02E-07
1.906328043,8.02E-07
1.90931758,-8.02E-07
1.912310241,8.02E-07
1.915306027,-8.02E-07
1.91830494,8.02E-07
1.921306982,-8.01E-07
1.924312155,8.01E-07
1.92732046,-8.01E-07
1.930331898,8.01E-07
1.933346471,-8.01E-07
1.936364182,8.01E-07
1.939385031,-8.01E-07
1.94240902,8.01E-07
1.945436151,-8.01E-07
1.948466425,8.01E-07
1.951499845,-8.01E-07
1.954536411,8.01E-07
1.957576125,-8.01E-07
1.96061899,8.01E-07
1.963665006,-8.01E-07
1.966714175,8.01E-07
1.969766499,-8.01E-07
1.97282198,8.01E-07
1.975880618,-8.01E-07
1.978942417,8.01E-07
1.982007377,-8.01E-07
1.9850755,8.01E-07
1.988146787,-8.01E-07
1.991221241,8.01E-07
1.994298863,-8.00E-07
1.997379654,8.00E-07
2,-8.00E-07
2.000000001,2.71E-06
2.000001,1.26E-04
2.000001001,1.23E-04
2.003082667,1.57E-09
2.003555322,4.05E-10
2.003955917,4.04E-10
2.004757107,4.05E-10
2.006359487,4.04E-10
2.008583765,4.05E-10
2.011099312,4.04E-10
2.014044868,4.05E-10
2.017135474,4.04E-10
2.02022924,4.05E-10
2.023326167,4.04E-10
2.026426259,4.05E-10
2.029529515,4.04E-10
2.032635937,4.05E-10
2.035745528,4.04E-10
2.038858289,4.05E-10
2.041974221,4.04E-10
2.045093326,4.05E-10
2.048215606,4.04E-10
2.051341063,4.05E-10
2.054469697,4.04E-10
2.05760151,4.05E-10
2.060736505,4.04E-10
2.063874682,4.05E-10
2.067016044,4.04E-10
2.070160592,4.05E-10
2.073308327,4.04E-10
2.076459252,4.05E-10
2.079613367,4.04E-10
2.082770675,4.05E-10
2.085931176,4.04E-10
2.089094874,4.05E-10
2.092261769,4.04E-10
2.095431862,4.05E-10
2.098605156,4.04E-10
2.101781652,4.05E-10
2.104961352,4.04E-10
2.108144258,4.05E-10
2.11133037,4.04E-10
2.114519691,4.05E-10
2.117712222,4.04E-10
2.120907964,4.05E-10
2.124106921,4.04E-10
2.127309092,4.05E-10
2.13051448,4.04E-10
2.133723086,4.05E-10
2.136934912,4.04E-10
2.140149959,4.05E-10
2.14336823,4.04E-10
2.146589725,4.05E-10
2.149814447,4.04E-10
2.153042397,4.05E-10
2.156273576,4.04E-10
2.159507986,4.05E-10
2.162745629,4.04E-10
2.165986507,4.05E-10
2.169230621,4.04E-10
2.172477972,4.05E-10
2.175728562,4.04E-10
2.178982394,4.05E-10
2.182239467,4.04E-10
2.185499785,4.05E-10
2.188763349,4.04E-10
2.19203016,4.05E-10
2.19530022,4.04E-10
2.19857353,4.05E-10
2.201850093,4.04E-10
2.205129909,4.05E-10
2.208412981,4.04E-10
2.21169931,4.05E-10
2.214988898,4.04E-10
2.218281745,4.05E-10
2.221577855,4.04E-10
2.224877228,4.05E-10
2.228179866,4.04E-10
2.231485771,4.05E-10
2.234794944,4.04E-10
2.238107387,4.05E-10
2.241423102,4.04E-10
2.24474209,4.05E-10
2.248064352,4.04E-10
2.251389891,4.05E-10
2.254718708,4.04E-10
2.258050805,4.05E-10
2.261386183,4.04E-10
2.264724843,4.05E-10
2.268066789,4.04E-10
2.27141202,4.05E-10
2.274760539,4.04E-10
2.278112347,4.05E-10
2.281467446,4.04E-10
2.284825838,4.05E-10
2.288187524,4.04E-10
2.291552505,4.05E-10
2.294920784,4.04E-10
2.298292363,4.05E-10
2.301667241,4.04E-10
2.305045422,4.05E-10
2.308426907,4.04E-10
2.311811697,4.05E-10
2.315199794,4.04E-10
2.3185912,4.05E-10
2.321985916,4.04E-10
2.325383945,4.05E-10
2.328785286,4.04E-10
2.332189943,4.05E-10
2.335597917,4.04E-10
2.339009209,4.05E-10
2.342423821,4.04E-10
2.345841754,4.05E-10
2.349263011,4.04E-10
2.352687593,4.05E-10
2.356115501,4.04E-10
2.359546737,4.05E-10
2.362981303,4.04E-10
2.3664192,4.05E-10
2.36986043,4.04E-10
2.373304995,4.05E-10
2.376752895,4.04E-10
2.380204134,4.05E-10
2.383658712,4.04E-10
2.387116631,4.05E-10
2.390577892,4.04E-10
2.394042498,4.05E-10
2.397510449,4.04E-10
2.400981748,4.05E-10
2.404456396,4.04E-10
2.407934395,4.05E-10
2.411415746,4.04E-10
2.41490045,4.05E-10
2.418388511,4.04E-10
2.421879928,4.05E-10
2.425374704,4.04E-10
2.428872841,4.05E-10
2.43237434,4.04E-10
2.435879202,4.05E-10
2.439387429,4.04E-10
2.442899023,4.05E-10
2.446413986,4.04E-10
2.449932319,4.05E-10
2.453454023,4.04E-10
2.456979101,4.05E-10
2.460507553,4.04E-10
2.464039382,4.05E-10
2.467574589,4.04E-10
2.471113176,4.05E-10
2.474655144,4.04E-10
2.478200496,4.05E-10
2.481749231,4.04E-10
2.485301353,4.05E-10
2.488856863,4.04E-10
2.492415762,4.05E-10
2.495978053,4.04E-10
2.499543736,4.05E-10
2.500001,4.04E-10
2.500001001,-3.48E-06
2.500002001,-1.25E-04
2.500002002,-1.22E-04
2.500002039,-6.16E-05
2.500002095,-2.51E-05
2.500002207,4.59E-06
2.500002431,-2.23E-06
2.50000274,1.34E-06
2.500003359,-1.04E-06
2.500004595,9.16E-07
2.500007067,-8.61E-07
2.500012012,8.34E-07
2.500021902,-8.21E-07
2.500041682,8.15E-07
2.500081242,-8.11E-07
2.500160362,8.10E-07
2.500318601,-8.09E-07
2.50063508,8.09E-07
2.501268038,-8.08E-07
2.502533954,8.08E-07
2.505065786,-8.08E-07
2.508605682,8.08E-07
2.51214891,-8.08E-07
2.515695473,8.08E-07
2.519245373,-8.08E-07
2.52279861,8.08E-07
2.526355187,-8.08E-07
2.529915105,8.08E-07
2.533478366,-8.08E-07
2.537044971,8.08E-07
2.540614922,-8.08E-07
2.54418822,8.08E-07
2.547764867,-8.08E-07
2.551344864,8.08E-07
2.554928214,-8.08E-07
2.558514917,8.08E-07
2.562104975,-8.08E-07
2.56569839,8.08E-07
2.569295164,-8.08E-07
2.572895297,8.08E-07
2.576498792,-8.08E-07
2.58010565,8.08E-07
2.583715872,-8.08E-07
2.587329461,8.08E-07
2.590946417,-8.07E-07
2.594566743,8.07E-07
2.598190439,-8.07E-07
2.601817508,8.07E-07
2.605447951,-8.07E-07
2.60908177,8.07E-07
2.612718966,-8.07E-07
2.61635954,8.07E-07
2.620003495,-8.07E-07
2.623650832,8.07E-07
2.627301552,-8.07E-07
2.630955657,8.07E-07
2.634613149,-8.07E-07
2.638274028,8.07E-07
2.641938298,-8.07E-07
2.645605959,8.07E-07
2.649277012,-8.07E-07
2.65295146,8.07E-07
2.656629304,-8.07E-07
2.660310546,8.07E-07
2.663995186,-8.07E-07
2.667683228,8.07E-07
2.671374671,-8.07E-07
2.675069519,8.07E-07
2.678767771,-8.07E-07
2.682469431,8.07E-07
2.6861745,-8.07E-07
2.689882978,8.07E-07
2.693594868,-8.07E-07
2.697310171,8.06E-07
2.701028889,-8.06E-07
2.704751024,8.06E-07
2.708476576,-8.06E-07
2.712205548,8.06E-07
2.715937941,-8.06E-07
2.719673756,8.06E-07
2.723412996,-8.06E-07
2.727155662,8.06E-07
2.730901755,-8.06E-07
2.734651277,8.06E-07
2.738404229,-8.06E-07
2.742160613,8.06E-07
2.745920431,-8.06E-07
2.749683685,8.06E-07
2.753450375,-8.06E-07
2.757220503,8.06E-07
2.760994071,-8.06E-07
2.764771081,8.06E-07
2.768551534,-8.06E-07
2.772335431,8.06E-07
2.776122774,-8.06E-07
2.779913566,8.06E-07
2.783707806,-8.06E-07
2.787505498,8.06E-07
2.791306641,-8.06E-07
2.795111239,8.06E-07
2.798919293,-8.06E-07
2.802730803,8.06E-07
2.806545773,-8.06E-07
2.810364202,8.05E-07
2.814186094,-8.05E-07
2.818011449,8.05E-07
2.821840269,-8.05E-07
2.825672555,8.05E-07
2.82950831,-8.05E-07
2.833347534,8.05E-07
2.83719023,-8.05E-07
2.841036398,8.05E-07
2.844886041,-8.05E-07
2.84873916,8.05E-07
2.852595756,-8.05E-07
2.856455831,8.05E-07
2.860319387,-8.05E-07
2.864186426,8.05E-07
2.868056948,-8.05E-07
2.871930956,8.05E-07
2.87580845,-8.05E-07
2.879689433,8.05E-07
2.883573906,-8.05E-07
2.887461871,8.05E-07
2.891353329,-8.05E-07
2.895248282,8.05E-07
2.899146731,-8.05E-07
2.903048678,8.05E-07
2.906954125,-8.05E-07
2.910863073,8.05E-07
2.914775523,-8.05E-07
2.918691478,8.05E-07
2.922610938,-8.05E-07
2.926533906,8.05E-07
2.930460382,-8.04E-07
2.93439037,8.04E-07
2.938323869,-8.04E-07
2.942260881,8.04E-07
2.946201409,-8.04E-07
2.950145454,8.04E-07
2.954093017,-8.04E-07
2.9580441,8.04E-07
2.961998705,-8.04E-07
2.965956832,8.04E-07
2.969918484,-8.04E-07
2.973883662,8.04E-07
2.977852368,-8.04E-07
2.981824604,8.04E-07
2.98580037,-8.04E-07
2.989779668,8.04E-07
2.993762501,-8.04E-07
2.997748869,8.04E-07
3,-8.04E-07
3.000000001,2.71E-06
3.000001,1.26E-04
3.000001001,1.23E-04
3.003986831,1.31E-09
3.00455786,4.05E-10
3.005027765,4.04E-10
3.005967575,4.05E-10
3.007847195,4.04E-10
3.010450652,4.05E-10
3.013362218,4.04E-10
3.016730293,4.05E-10
3.020724199,4.04E-10
3.024721629,4.05E-10
3.028722583,4.04E-10
3.032727065,4.05E-10
3.036735074,4.04E-10
3.040746613,4.05E-10
3.044761683,4.04E-10
3.048780287,4.05E-10
3.052802424,4.04E-10
3.056828098,4.05E-10
3.060857309,4.04E-10
3.064890059,4.05E-10
3.068926349,4.04E-10
3.072966182,4.05E-10
3.077009559,4.04E-10
3.081056481,4.05E-10
3.085106949,4.04E-10
3.089160966,4.05E-10
3.093218533,4.04E-10
3.097279652,4.05E-10
3.101344323,4.04E-10
3.105412549,4.05E-10
3.109484331,4.04E-10
3.113559671,4.05E-10
3.11763857,4.04E-10
3.12172103,4.05E-10
3.125807053,4.04E-10
3.129896639,4.05E-10
3.13398979,4.04E-10
3.138086509,4.05E-10
3.142186796,4.04E-10
3.146290654,4.05E-10
3.150398083,4.04E-10
3.154509085,4.05E-10
3.158623662,4.04E-10
3.162741816,4.05E-10
3.166863547,4.04E-10
3.170988858,4.05E-10
3.175117749,4.04E-10
3.179250224,4.05E-10
3.183386282,4.04E-10
3.187525926,4.05E-10
3.191669157,4.04E-10
3.195815977,4.05E-10
3.199966388,4.04E-10
3.20412039,4.05E-10
3.208277986,4.04E-10
3.212439176,4.05E-10
3.216603963,4.04E-10
3.220772349,4.05E-10
3.224944334,4.04E-10
3.22911992,4.05E-10
3.233299109,4.04E-10
3.237481902,4.05E-10
3.241668301,4.04E-10
3.245858307,4.05E-10
3.250051923,4.04E-10
3.254249148,4.05E-10
3.258449986,4.04E-10
3.262654438,4.05E-10
3.266862505,4.04E-10
3.271074188,4.05E-10
3.27528949,4.04E-10
3.279508412,4.05E-10
3.283730955,4.04E-10
3.287957121,4.05E-10
3.292186911,4.04E-10
3.296420328,4.05E-10
3.300657372,4.04E-10
3.304898045,4.05E-10
3.309142349,4.04E-10
3.313390285,4.05E-10
3.317641855,4.04E-10
3.321897061,4.05E-10
3.326155903,4.04E-10
3.330418384,4.05E-10
3.334684505,4.04E-10
3.338954268,4.05E-10
3.343227673,4.04E-10
3.347504724,4.05E-10
3.35178542,4.04E-10
3.356069764,4.05E-10
3.360357758,4.04E-10
3.364649403,4.05E-10
3.3689447,4.04E-10
3.373243651,4.05E-10
3.377546258,4.04E-10
3.381852522,4.05E-10
3.386162444,4.04E-10
3.390476027,4.05E-10
3.394793271,4.04E-10
3.399114179,4.05E-10
3.403438752,4.04E-10
3.407766991,4.05E-10
3.412098898,4.04E-10
3.416434475,4.05E-10
3.420773723,4.04E-10
3.425116643,4.05E-10
3.429463238,4.04E-10
3.433813509,4.05E-10
3.438167457,4.04E-10
3.442525083,4.05E-10
3.44688639,4.04E-10
3.451251379,4.05E-10
3.455620052,4.04E-10
3.45999241,4.05E-10
3.464368454,4.04E-10
3.468748187,4.05E-10
3.473131609,4.04E-10
3.477518723,4.05E-10
3.481909529,4.04E-10
3.48630403,4.05E-10
3.490702227,4.04E-10
3.495104121,4.05E-10
3.499509715,4.04E-10
3.500001,4.05E-10
3.500001001,-3.48E-06
3.500002,-1.25E-04
3.500002001,-1.22E-04
3.500002039,-6.17E-05
3.500002095,-2.52E-05
3.500002207,4.59E-06
3.50000243,-2.23E-06
3.500002739,1.34E-06
3.500003357,-1.04E-06
3.500004592,9.15E-07
3.500007062,-8.60E-07
3.500012002,8.33E-07
3.500021883,-8.20E-07
3.500041645,8.14E-07
3.500081168,-8.11E-07
3.500160215,8.09E-07
3.500318308,-8.08E-07
3.500634495,8.08E-07
3.501266869,-8.08E-07
3.502531616,8.08E-07
3.505061111,-8.08E-07
3.509436967,8.08E-07
3.513816464,-8.08E-07
3.518199603,8.08E-07
3.522586386,-8.07E-07
3.526976813,8.07E-07
3.531370888,-8.07E-07
3.53576861,8.07E-07
3.540169981,-8.07E-07
3.544575004,8.07E-07
3.54898368,-8.07E-07
3.553396009,8.07E-07
3.557811994,-8.07E-07
3.562231636,8.07E-07
3.566654937,-8.07E-07
3.571081898,8.07E-07
3.575512521,-8.07E-07
3.579946807,8.07E-07
3.584384757,-8.07E-07
3.588826374,8.07E-07
3.593271659,-8.07E-07
3.597720613,8.07E-07
3.602173237,-8.07E-07
3.606629534,8.07E-07
3.611089504,-8.07E-07
3.61555315,8.07E-07
3.620020473,-8.07E-07
3.624491474,8.07E-07
3.628966155,-8.07E-07
3.633444517,8.07E-07
3.637926562,-8.07E-07
3.642412291,8.07E-07
3.646901707,-8.07E-07
3.65139481,8.07E-07
3.655891601,-8.07E-07
3.660392083,8.07E-07
3.664896257,-8.07E-07
3.669404125,8.07E-07
3.673915687,-8.07E-07
3.678430946,8.06E-07
3.682949903,-8.06E-07
3.687472559,8.06E-07
3.691998917,-8.06E-07
3.696528977,8.06E-07
3.701062741,-8.06E-07
3.705600211,8.06E-07
3.710141387,-8.06E-07
3.714686273,8.06E-07
3.719234868,-8.06E-07
3.723787175,8.06E-07
3.728343195,-8.06E-07
3.73290293,8.06E-07
3.737466381,-8.06E-07
3.74203355,8.06E-07
3.746604438,-8.06E-07
3.751179046,8.06E-07
3.755757377,-8.06E-07
3.760339432,8.06E-07
3.764925212,-8.06E-07
3.769514718,8.06E-07
3.774107953,-8.06E-07
3.778704918,8.06E-07
3.783305614,-8.06E-07
3.787910042,8.06E-07
3.792518205,-8.06E-07
3.797130104,8.06E-07
3.801745741,-8.06E-07
3.806365116,8.06E-07
3.810988231,-8.06E-07
3.815615089,8.06E-07
3.820245689,-8.06E-07
3.824880035,8.06E-07
3.829518127,-8.06E-07
3.834159968,8.06E-07
3.838805557,-8.06E-07
3.843454898,8.06E-07
3.848107991,-8.05E-07
3.852764838,8.05E-07
3.857425441,-8.05E-07
3.8620898,8.05E-07
3.866757919,-8.05E-07
3.871429797,8.05E-07
3.876105437,-8.05E-07
3.88078484,8.05E-07
3.885468007,-8.05E-07
3.890154941,8.05E-07
3.894845642,-8.05E-07
3.899540113,8.05E-07
3.904238354,-8.05E-07
3.908940367,8.05E-07
3.913646154,-8.05E-07
3.918355716,8.05E-07
3.923069055,-8.05E-07
3.927786172,8.05E-07
3.932507069,-8.05E-07
3.937231747,8.05E-07
3.941960208,-8.05E-07
3.946692453,8.05E-07
3.951428484,-8.05E-07
3.956168302,8.05E-07
3.960911909,-8.05E-07
3.965659307,8.05E-07
3.970410496,-8.05E-07
3.975165479,8.05E-07
3.979924256,-8.05E-07
3.98468683,8.05E-07
3.989453202,-8.05E-07
3.994223373,8.05E-07
3.998997345,-8.05E-07
4,8.05E-07
4.000000001,4.28E-06
4.000001,1.26E-04
4.000001001,1.23E-04
4.002006311,2.20E-09
4.002217597,4.05E-10
4.002460612,4.04E-10
4.002946641,4.05E-10
4.0039187,4.04E-10
4.005495469,4.05E-10
4.007352825,4.04E-10
4.009522004,4.05E-10
4.01219663,4.04E-10
4.015467806,4.05E-10
4.01935956,4.04E-10
4.023928882,4.05E-10
4.028706004,4.04E-10
4.033486905,4.05E-10
4.038271587,4.04E-10
4.043060052,4.05E-10
4.0478523,4.04E-10
4.052648333,4.05E-10
4.057448154,4.04E-10
4.062251762,4.05E-10
4.067059161,4.04E-10
4.071870351,4.05E-10
4.076685333,4.04E-10
4.08150411,4.05E-10
4.086326683,4.04E-10
4.091153053,4.05E-10
4.095983222,4.04E-10
4.100817191,4.05E-10
4.105654962,4.04E-10
4.110496537,4.05E-10
4.115341916,4.04E-10
4.120191101,4.05E-10
4.125044094,4.04E-10
4.129900896,4.05E-10
4.134761509,4.04E-10
4.139625935,4.05E-10
4.144494174,4.04E-10
4.149366228,4.05E-10
4.154242099,4.04E-10
4.159121788,4.05E-10
4.164005297,4.04E-10
4.168892627,4.05E-10
4.17378378,4.04E-10
4.178678757,4.05E-10
4.18357756,4.04E-10
4.18848019,4.05E-10
4.193386649,4.04E-10
4.198296937,4.05E-10
4.203211058,4.04E-10
4.208129012,4.05E-10
4.2130508,4.04E-10
4.217976424,4.05E-10
4.222905887,4.04E-10
4.227839188,4.05E-10
4.23277633,4.04E-10
4.237717314,4.05E-10
4.242662141,4.04E-10
4.247610814,4.05E-10
4.252563334,4.04E-10
4.257519701,4.05E-10
4.262479918,4.04E-10
4.267443987,4.05E-10
4.272411907,4.04E-10
4.277383682,4.05E-10
4.282359313,4.04E-10
4.2873388,4.05E-10
4.292322146,4.04E-10
4.297309353,4.05E-10
4.30230042,4.04E-10
4.307295351,4.05E-10
4.312294147,4.04E-10
4.317296808,4.05E-10
4.322303337,4.04E-10
4.327313735,4.05E-10
4.332328004,4.04E-10
4.337346144,4.05E-10
4.342368158,4.04E-10
4.347394047,4.05E-10
4.352423813,4.04E-10
4.357457456,4.05E-10
4.362494979,4.04E-10
4.367536384,4.05E-10
4.37258167,4.04E-10
4.377630841,4.05E-10
4.382683897,4.04E-10
4.38774084,4.05E-10
4.392801671,4.04E-10
4.397866392,4.05E-10
4.402935005,4.04E-10
4.408007511,4.05E-10
4.413083911,4.04E-10
4.418164207,4.05E-10
4.423248401,4.04E-10
4.428336493,4.05E-10
4.433428486,4.04E-10
4.438524381,4.05E-10
4.443624179,4.04E-10
4.448727882,4.05E-10
4.453835492,4.04E-10
4.458947009,4.05E-10
4.464062436,4.04E-10
4.469181774,4.05E-10
4.474305024,4.04E-10
4.479432188,4.05E-10
4.484563267,4.04E-10
4.489698263,4.05E-10
4.494837177,4.04E-10
4.499980012,4.05E-10
4.500001,4.04E-10
4.500001001,-3.48E-06
4.500002,-1.25E-04
4.500002001,-1.22E-04
4.500002039,-6.17E-05
4.500002095,-2.52E-05
4.500002207,4.59E-06
4.50000243,-2.23E-06
4.500002739,1.34E-06
4.500003357,-1.04E-06
4.500004592,9.16E-07
4.500007063,-8.60E-07
4.500012004,8.33E-07
4.500021886,-8.20E-07
4.50004165,8.14E-07
4.500081178,-8.11E-07
4.500160233,8.09E-07
4.500318345,-8.08E-07
4.500634569,8.08E-07
4.501267015,-8.08E-07
4.502531909,8.08E-07
4.505061697,-8.08E-07
4.510121272,8.08E-07
4.515234788,-8.08E-07
4.520352168,8.08E-07
4.525473413,-8.08E-07
4.530598524,8.08E-07
4.535727504,-8.08E-07
4.540860353,8.08E-07
4.545997072,-8.07E-07
4.551137665,8.07E-07
4.556282131,-8.07E-07
4.561430472,8.07E-07
4.56658269,-8.07E-07
4.571738787,8.07E-07
4.576898763,-8.07E-07
4.58206262,8.07E-07
4.58723036,-8.07E-07
4.592401984,8.07E-07
4.597577493,-8.07E-07
4.602756889,8.07E-07
4.607940174,-8.07E-07
4.613127349,8.07E-07
4.618318415,-8.07E-07
4.623513374,8.07E-07
4.628712227,-8.07E-07
4.633914976,8.07E-07
4.639121622,-8.07E-07
4.644332166,8.07E-07
4.649546611,-8.07E-07
4.654764958,8.07E-07
4.659987207,-8.07E-07
4.665213361,8.07E-07
4.670443421,-8.07E-07
4.675677388,8.07E-07
4.680915264,-8.07E-07
4.68615705,8.07E-07
4.691402749,-8.07E-07
4.69665236,8.07E-07
4.701905886,-8.07E-07
4.707163328,8.07E-07
4.712424688,-8.07E-07
4.717689967,8.07E-07
4.722959167,-8.07E-07
4.728232288,8.07E-07
4.733509333,-8.07E-07
4.738790303,8.07E-07
4.744075199,-8.07E-07
4.749364024,8.07E-07
4.754656777,-8.07E-07
4.759953461,8.07E-07
4.765254077,-8.06E-07
4.770558627,8.06E-07
4.775867112,-8.06E-07
4.781179534,8.06E-07
4.786495894,-8.06E-07
4.791816193,8.06E-07
4.797140433,-8.06E-07
4.802468616,8.06E-07
4.807800743,-8.06E-07
4.813136814,8.06E-07
4.818476833,-8.06E-07
4.8238208,8.06E-07
4.829168717,-8.06E-07
4.834520584,8.06E-07
4.839876405,-8.06E-07
4.845236179,8.06E-07
4.850599909,-8.06E-07
4.855967597,8.06E-07
4.861339242,-8.06E-07
4.866714848,8.06E-07
4.872094415,-8.06E-07
4.877477944,8.06E-07
4.882865438,-8.06E-07
4.888256898,8.06E-07
4.893652325,-8.06E-07
4.899051721,8.06E-07
4.904455087,-8.06E-07
4.909862424,8.06E-07
4.915273735,-8.06E-07
4.92068902,8.06E-07
4.926108281,-8.06E-07
4.931531519,8.06E-07
4.936958737,-8.06E-07
4.942389934,8.06E-07
4.947825114,-8.06E-07
4.953264277,8.06E-07
4.958707424,-8.06E-07
4.964154558,8.06E-07
4.969605679,-8.06E-07
4.97506079,8.06E-07
4.980519891,-8.06E-07
4.985982984,8.06E-07
4.991450071,-8.06E-07
4.996921152,8.05E-07
5,-8.05E-07
5.000000001,2.70E-06
5.000001001,1.26E-04
5.000001001,1.23E-04
5.005471462,1.06E-09
5.005831997,4.05E-10
5.006241682,4.04E-10
5.007061051,4.05E-10
5.00869979,4.04E-10
5.011589513,4.05E-10
5.014892372,4.04E-10
5.018514022,4.05E-10
5.022807416,4.04E-10
5.027945482,4.05E-10
5.033426527,4.04E-10
5.038911554,4.05E-10
5.044400565,4.04E-10
5.04989356,4.05E-10
5.055390541,4.04E-10
5.06089151,4.05E-10
5.066396468,4.04E-10
5.071905417,4.05E-10
5.077418358,4.04E-10
5.082935292,4.05E-10
5.088456221,4.04E-10
5.093981146,4.05E-10
5.099510069,4.04E-10
5.105042992,4.05E-10
5.110579915,4.04E-10
5.11612084,4.05E-10
5.121665768,4.04E-10
5.127214702,4.05E-10
5.132767642,4.04E-10
5.13832459,4.05E-10
5.143885547,4.04E-10
5.149450516,4.05E-10
5.155019496,4.04E-10
5.16059249,4.05E-10
5.166169499,4.04E-10
5.171750525,4.05E-10
5.177335569,4.04E-10
5.182924632,4.05E-10
5.188517716,4.04E-10
5.194114823,4.05E-10
5.199715953,4.04E-10
5.205321108,4.05E-10
5.210930291,4.04E-10
5.216543501,4.05E-10
5.222160741,4.04E-10
5.227782012,4.05E-10
5.233407315,4.04E-10
5.239036653,4.05E-10
5.244670025,4.04E-10
5.250307435,4.05E-10
5.255948883,4.04E-10
5.26159437,4.05E-10
5.267243899,4.04E-10
5.27289747,4.05E-10
5.278555086,4.04E-10
5.284216746,4.05E-10
5.289882454,4.04E-10
5.29555221,4.05E-10
5.301226016,4.04E-10
5.306903873,4.05E-10
5.312585783,4.04E-10
5.318271747,4.05E-10
5.323961767,4.04E-10
5.329655844,4.05E-10
5.335353979,4.04E-10
5.341056174,4.05E-10
5.346762431,4.04E-10
5.35247275,4.05E-10
5.358187134,4.04E-10
5.363905584,4.05E-10
5.3696281,4.04E-10
5.375354685,4.05E-10
5.381085341,4.04E-10
5.386820068,4.05E-10
5.392558867,4.04E-10
5.398301742,4.05E-10
5.404048692,4.04E-10
5.409799719,4.05E-10
5.415554825,4.04E-10
5.421314011,4.05E-10
5.427077279,4.04E-10
5.43284463,4.05E-10
5.438616066,4.04E-10
5.444391587,4.05E-10
5.450171196,4.04E-10
5.455954894,4.05E-10
5.461742682,4.04E-10
5.467534562,4.05E-10
5.473330535,4.04E-10
5.479130602,4.05E-10
5.484934766,4.04E-10
5.490743028,4.05E-10
5.496555388,4.04E-10
5.500001,4.05E-10
5.500001001,-3.48E-06
5.500002,-1.25E-04
5.500002001,-1.22E-04
5.500002039,-6.17E-05
5.500002095,-2.51E-05
5.500002207,4.59E-06
5.500002431,-2.23E-06
5.500002739,1.34E-06
5.500003357,-1.04E-06
5.500004593,9.16E-07
5.500007063,-8.60E-07
5.500012005,8.33E-07
5.500021888,-8.20E-07
5.500041654,8.14E-07
5.500081187,-8.11E-07
5.500160252,8.09E-07
5.500318382,-8.09E-07
5.500634642,8.08E-07
5.501267162,-8.08E-07
5.502532201,8.08E-07
5.505062281,-8.08E-07
5.51012244,8.08E-07
5.515906333,-8.08E-07
5.521694273,8.08E-07
5.52748626,-8.08E-07
5.533282296,8.08E-07
5.539082382,-8.08E-07
5.54488652,8.08E-07
5.550694711,-8.08E-07
5.556506957,8.08E-07
5.562323259,-8.08E-07
5.568143618,8.08E-07
5.573968036,-8.08E-07
5.579796514,8.07E-07
5.585629054,-8.07E-07
5.591465657,8.07E-07
5.597306325,-8.07E-07
5.603151058,8.07E-07
5.608999859,-8.07E-07
5.614852728,8.07E-07
5.620709668,-8.07E-07
5.626570679,8.07E-07
5.632435763,-8.07E-07
5.638304921,8.07E-07
5.644178156,-8.07E-07
5.650055467,8.07E-07
5.655936857,-8.07E-07
5.661822328,8.07E-07
5.667711879,-8.07E-07
5.673605514,8.07E-07
5.679503233,-8.07E-07
5.685405037,8.07E-07
5.691310929,-8.07E-07
5.697220909,8.07E-07
5.703134979,-8.07E-07
5.709053141,8.07E-07
5.714975395,-8.07E-07
5.720901743,8.07E-07
5.726832188,-8.07E-07
5.732766729,8.07E-07
5.738705368,-8.07E-07
5.744648108,8.07E-07
5.750594948,-8.07E-07
5.756545892,8.07E-07
5.762500939,-8.07E-07
5.768460092,8.07E-07
5.774423352,-8.07E-07
5.78039072,8.07E-07
5.786362198,-8.07E-07
5.792337788,8.07E-07
5.798317489,-8.07E-07
5.804301305,8.07E-07
5.810289236,-8.07E-07
5.816281284,8.07E-07
5.822277451,-8.07E-07
5.828277737,8.07E-07
5.834282144,-8.07E-07
5.840290673,8.07E-07
5.846303326,-8.07E-07
5.852320105,8.07E-07
5.858341011,-8.07E-07
5.864366044,8.06E-07
5.870395207,-8.06E-07
5.876428502,8.06E-07
5.882465928,-8.06E-07
5.888507488,8.06E-07
5.894553184,-8.06E-07
5.900603016,8.06E-07
5.906656987,-8.06E-07
5.912715096,8.06E-07
5.918777347,-8.06E-07
5.92484374,8.06E-07
5.930914276,-8.06E-07
5.936988958,8.06E-07
5.943067786,-8.06E-07
5.949150763,8.06E-07
5.955237888,-8.06E-07
5.961329165,8.06E-07
5.967424593,-8.06E-07
5.973524175,8.06E-07
5.979627913,-8.06E-07
5.985735806,8.06E-07
5.991847858,-8.06E-07
5.997964069,8.06E-07
6,-8.06E-07
6.000000001,2.70E-06
6.000001001,1.26E-04
6.000001001,1.23E-04
6.004072864,1.29E-09
6.00441798,4.05E-10
6.004788486,4.04E-10
6.005529498,4.05E-10
6.007011523,4.04E-10
6.009462711,4.05E-10
6.012272449,4.04E-10
6.015428132,4.05E-10
6.019215081,4.04E-10
6.023762922,4.05E-10
6.029083282,4.04E-10
6.035204179,4.05E-10
6.041329217,4.04E-10
6.047458398,4.05E-10
6.053591723,4.04E-10
6.059729193,4.05E-10
6.065870811,4.04E-10
6.072016577,4.05E-10
6.078166492,4.04E-10
6.084320559,4.05E-10
6.090478778,4.04E-10
6.096641151,4.05E-10
6.10280768,4.04E-10
6.108978365,4.05E-10
6.115153208,4.04E-10
6.121332211,4.05E-10
6.127515375,4.04E-10
6.133702701,4.05E-10
6.139894191,4.04E-10
6.146089846,4.05E-10
6.152289668,4.04E-10
6.158493657,4.05E-10
6.164701816,4.04E-10
6.170914146,4.05E-10
6.177130648,4.04E-10
6.183351323,4.05E-10
6.189576173,4.04E-10
6.1958052,4.05E-10
6.202038405,4.04E-10
6.208275788,4.05E-10
6.214517352,4.04E-10
6.220763098,4.05E-10
6.227013028,4.04E-10
6.233267142,4.05E-10
6.239525442,4.04E-10
6.24578793,4.05E-10
6.252054607,4.04E-10
6.258325474,4.05E-10
6.264600533,4.04E-10
6.270879785,4.05E-10
6.277163232,4.04E-10
6.283450875,4.05E-10
6.289742715,4.04E-10
6.296038753,4.05E-10
6.302338992,4.04E-10
6.308643433,4.05E-10
6.314952076,4.04E-10
6.321264924,4.05E-10
6.327581978,4.04E-10
6.333903238,4.05E-10
6.340228708,4.04E-10
6.346558387,4.05E-10
6.352892277,4.04E-10
6.359230381,4.05E-10
6.365572698,4.04E-10
6.371919231,4.05E-10
6.378269982,4.04E-10
6.38462495,4.05E-10
6.390984138,4.04E-10
6.397347548,4.05E-10
6.403715179,4.04E-10
6.410087035,4.05E-10
6.416463117,4.04E-10
6.422843425,4.05E-10
6.429227961,4.04E-10
6.435616727,4.05E-10
6.442009723,4.04E-10
6.448406953,4.05E-10
6.454808415,4.04E-10
6.461214113,4.05E-10
6.467624048,4.04E-10
6.474038221,4.05E-10
6.480456633,4.04E-10
6.486879285,4.05E-10
6.49330618,4.04E-10
6.499737319,4.05E-10
6.500001,4.04E-10
6.500001001,-3.48E-06
6.500002,-1.25E-04
6.500002001,-1.22E-04
6.500002039,-6.17E-05
6.500002095,-2.51E-05
6.500002207,4.59E-06
6.500002431,-2.23E-06
6.50000274,1.34E-06
6.500003357,-1.04E-06
6.500004593,9.16E-07
6.500007064,-8.60E-07
6.500012006,8.34E-07
6.50002189,-8.21E-07
6.500041659,8.14E-07
6.500081196,-8.11E-07
6.50016027,8.09E-07
6.500318418,-8.09E-07
6.500634715,8.08E-07
6.501267308,-8.08E-07
6.502532493,8.08E-07
6.505062865,-8.08E-07
6.510123608,8.08E-07
6.516520716,-8.08E-07
6.522922014,8.08E-07
6.529327502,-8.08E-07
6.535737182,8.08E-07
6.542151055,-8.08E-07
6.548569124,8.08E-07
6.554991388,-8.08E-07
6.561417851,8.08E-07
6.567848512,-8.08E-07
6.574283373,8.08E-07
6.580722436,-8.08E-07
6.587165702,8.08E-07
6.593613173,-8.08E-07
6.600064849,8.08E-07
6.606520732,-8.08E-07
6.612980824,8.08E-07
6.619445126,-8.08E-07
6.625913639,8.07E-07
6.632386365,-8.07E-07
6.638863305,8.07E-07
6.64534446,-8.07E-07
6.651829832,8.07E-07
6.658319422,-8.07E-07
6.664813232,8.07E-07
6.671311262,-8.07E-07
6.677813515,8.07E-07
6.684319991,-8.07E-07
6.690830693,8.07E-07
6.69734562,-8.07E-07
6.703864776,8.07E-07
6.71038816,-8.07E-07
6.716915775,8.07E-07
6.723447622,-8.07E-07
6.729983702,8.07E-07
6.736524016,-8.07E-07
6.743068567,8.07E-07
6.749617355,-8.07E-07
6.756170381,8.07E-07
6.762727648,-8.07E-07
6.769289156,8.07E-07
6.775854907,-8.07E-07
6.782424902,8.07E-07
6.788999143,-8.07E-07
6.79557763,8.07E-07
6.802160366,-8.07E-07
6.808747351,8.07E-07
6.815338588,-8.07E-07
6.821934077,8.07E-07
6.82853382,-8.07E-07
6.835137818,8.07E-07
6.841746072,-8.07E-07
6.848358584,8.07E-07
6.854975356,-8.07E-07
6.861596388,8.07E-07
6.868221682,-8.07E-07
6.87485124,8.07E-07
6.881485062,-8.07E-07
6.888123151,8.07E-07
6.894765507,-8.07E-07
6.901412132,8.07E-07
6.908063027,-8.07E-07
6.914718193,8.07E-07
6.921377633,-8.07E-07
6.928041347,8.07E-07
6.934709337,-8.07E-07
6.941381604,8.07E-07
6.948058149,-8.07E-07
6.954738974,8.07E-07
6.961424081,-8.07E-07
6.968113469,8.07E-07
6.974807142,-8.06E-07
6.981505101,8.06E-07
6.988207345,-8.06E-07
6.994913878,8.06E-07
7,-8.06E-07
7.000000001,2.70E-06
7.000001001,1.26E-04
7.000001002,1.23E-04
7.006708125,9.41E-10
7.007127244,4.05E-10
7.007593502,4.04E-10
7.008526019,4.05E-10
7.010391054,4.04E-10
7.013671679,4.05E-10
7.01739269,4.04E-10
7.021436669,4.05E-10
7.026198443,4.04E-10
7.031871964,4.05E-10
7.038461288,4.04E-10
7.045181652,4.05E-10
7.051906292,4.04E-10
7.05863521,4.05E-10
7.065368408,4.04E-10
7.072105885,4.05E-10
7.078847645,4.04E-10
7.085593688,4.05E-10
7.092344015,4.04E-10
7.099098629,4.05E-10
7.105857529,4.04E-10
7.112620719,4.05E-10
7.119388198,4.04E-10
7.126159969,4.05E-10
7.132936032,4.04E-10
7.139716389,4.05E-10
7.146501042,4.04E-10
7.153289992,4.05E-10
7.16008324,4.04E-10
7.166880787,4.05E-10
7.173682635,4.04E-10
7.180488786,4.05E-10
7.18729924,4.04E-10
7.194113999,4.05E-10
7.200933065,4.04E-10
7.207756438,4.05E-10
7.21458412,4.04E-10
7.221416112,4.05E-10
7.228252417,4.04E-10
7.235093034,4.05E-10
7.241937966,4.04E-10
7.248787214,4.05E-10
7.255640779,4.04E-10
7.262498662,4.05E-10
7.269360866,4.04E-10
7.27622739,4.05E-10
7.283098238,4.04E-10
7.289973409,4.05E-10
7.296852906,4.04E-10
7.30373673,4.05E-10
7.310624881,4.04E-10
7.317517362,4.05E-10
7.324414174,4.04E-10
7.331315318,4.05E-10
7.338220796,4.04E-10
7.345130608,4.05E-10
7.352044757,4.04E-10
7.358963243,4.05E-10
7.365886068,4.04E-10
7.372813234,4.05E-10
7.379744741,4.04E-10
7.386680591,4.05E-10
7.393620786,4.04E-10
7.400565327,4.05E-10
7.407514214,4.04E-10
7.41446745,4.05E-10
7.421425036,4.04E-10
7.428386973,4.05E-10
7.435353263,4.04E-10
7.442323907,4.05E-10
7.449298906,4.04E-10
7.456278262,4.05E-10
7.463261975,4.04E-10
7.470250048,4.05E-10
7.477242482,4.04E-10
7.484239278,4.05E-10
7.491240437,4.04E-10
7.498245961,4.05E-10
7.500001,4.04E-10
7.500001001,-3.48E-06
7.500002,-1.25E-04
7.500002001,-1.22E-04
7.500002039,-6.16E-05
7.500002095,-2.51E-05
7.500002207,4.59E-06
7.500002431,-2.23E-06
7.50000274,1.34E-06
7.500003358,-1.04E-06
7.500004593,9.16E-07
7.500007065,-8.60E-07
7.500012007,8.34E-07
7.500021893,-8.21E-07
7.500041664,8.14E-07
7.500081205,-8.11E-07
7.500160288,8.09E-07
7.500318455,-8.09E-07
7.500634788,8.08E-07
7.501267454,-8.08E-07
7.502532786,8.08E-07
7.505063449,-8.08E-07
7.510124777,8.08E-07
7.517095808,-8.08E-07
7.52393938,8.08E-07
7.530652656,-8.08E-07
7.53763626,8.08E-07
7.54462418,-8.08E-07
7.551616417,8.08E-07
7.558612973,-8.08E-07
7.56561385,8.08E-07
7.572619048,-8.08E-07
7.579628569,8.08E-07
7.586642414,-8.08E-07
7.593660584,8.08E-07
7.600683082,-8.08E-07
7.607709908,8.08E-07
7.614741063,-8.08E-07
7.621776549,8.08E-07
7.628816367,-8.08E-07
7.635860519,8.08E-07
7.642909005,-8.08E-07
7.649961828,8.08E-07
7.657018989,-8.08E-07
7.664080488,8.08E-07
7.671146327,-8.08E-07
7.678216508,8.08E-07
7.685291032,-8.07E-07
7.6923699,8.07E-07
7.699453114,-8.07E-07
7.706540674,8.07E-07
7.713632583,-8.07E-07
7.720728841,8.07E-07
7.72782945,-8.07E-07
7.734934411,8.07E-07
7.742043726,-8.07E-07
7.749157395,8.07E-07
7.756275421,-8.07E-07
7.763397804,8.07E-07
7.770524546,-8.07E-07
7.777655649,8.07E-07
7.784791113,-8.07E-07
7.791930939,8.07E-07
7.79907513,-8.07E-07
7.806223687,8.07E-07
7.81337661,-8.07E-07
7.820533902,8.07E-07
7.827695563,-8.07E-07
7.834861595,8.07E-07
7.842031999,-8.07E-07
7.849206777,8.07E-07
7.856385929,-8.07E-07
7.863569458,8.07E-07
7.870757364,-8.07E-07
7.877949649,8.07E-07
7.885146315,-8.07E-07
7.892347361,8.07E-07
7.899552791,-8.07E-07
7.906762605,8.07E-07
7.913976805,-8.07E-07
7.921195391,8.07E-07
7.928418365,-8.07E-07
7.935645729,8.07E-07
7.942877484,-8.07E-07
7.950113632,8.07E-07
7.957354172,-8.07E-07
7.964599108,8.07E-07
7.971848439,-8.07E-07
7.979102169,8.07E-07
7.986360297,-8.07E-07
7.993622825,8.07E-07
8,-8.07E-07
8.000000001,2.70E-06
8.000001001,1.26E-04
8.000001002,1.23E-04
8.007264925,9.00E-10
8.007709521,4.05E-10
8.008200167,4.04E-10
8.009181458,4.05E-10
8.01114404,4.04E-10
8.014590593,4.05E-10
8.01848818,4.04E-10
8.022710352,4.05E-10
8.027669698,4.04E-10
8.033569269,4.05E-10
8.040413384,4.04E-10
8.047689776,4.05E-10
8.054970557,4.04E-10
8.062255728,4.05E-10
8.06954529,4.04E-10
8.076839244,4.05E-10
8.084137593,4.04E-10
8.091440337,4.05E-10
8.098747478,4.04E-10
8.106059016,4.05E-10
8.113374954,4.04E-10
8.120695292,4.05E-10
8.128020032,4.04E-10
8.135349176,4.05E-10
8.142682724,4.04E-10
8.150020678,4.05E-10
8.157363039,4.04E-10
8.164709808,4.05E-10
8.172060987,4.04E-10
8.179416578,4.05E-10
8.186776581,4.04E-10
8.194140997,4.05E-10
8.201509829,4.04E-10
8.208883078,4.05E-10
8.216260744,4.04E-10
8.223642829,4.05E-10
8.231029334,4.04E-10
8.238420261,4.05E-10
8.245815612,4.04E-10
8.253215386,4.05E-10
8.260619587,4.04E-10
8.268028214,4.05E-10
8.27544127,4.04E-10
8.282858756,4.05E-10
8.290280672,4.04E-10
8.297707021,4.05E-10
8.305137803,4.04E-10
8.312573021,4.05E-10
8.320012674,4.04E-10
8.327456765,4.05E-10
8.334905296,4.04E-10
8.342358266,4.05E-10
8.349815678,4.04E-10
8.357277533,4.05E-10
8.364743832,4.04E-10
8.372214577,4.05E-10
8.379689769,4.04E-10
8.387169408,4.05E-10
8.394653498,4.04E-10
8.402142038,4.05E-10
8.40963503,4.04E-10
8.417132476,4.05E-10
8.424634377,4.04E-10
8.432140733,4.05E-10
8.439651547,4.04E-10
8.44716682,4.05E-10
8.454686553,4.04E-10
8.462210748,4.05E-10
8.469739405,4.04E-10
8.477272527,4.05E-10
8.484810113,4.04E-10
8.492352167,4.05E-10
8.499898688,4.04E-10
8.500001,4.05E-10
8.500001001,-3.48E-06
8.500002001,-1.25E-04
8.500002001,-1.22E-04
8.500002039,-6.16E-05
8.500002095,-2.51E-05
8.500002207,4.59E-06
8.500002431,-2.23E-06
8.50000274,1.34E-06
8.500003358,-1.04E-06
8.500004594,9.16E-07
8.500007065,-8.60E-07
8.500012009,8.34E-07
8.500021895,-8.21E-07
8.500041668,8.14E-07
8.500081214,-8.11E-07
8.500160307,8.10E-07
8.500318491,-8.09E-07
8.500634861,8.08E-07
8.5012676,-8.08E-07
8.502533078,8.08E-07
8.505064033,-8.08E-07
8.510125945,8.08E-07
8.517133525,-8.08E-07
8.523985679,8.08E-07
8.530693711,-8.08E-07
8.537881553,8.08E-07
8.545406125,-8.08E-07
8.552935118,8.08E-07
8.560468531,-8.08E-07
8.568006366,8.08E-07
8.575548625,-8.08E-07
8.583095309,8.08E-07
8.59064642,-8.08E-07
8.598201957,8.08E-07
8.605761924,-8.08E-07
8.613326321,8.08E-07
8.620895149,-8.08E-07
8.628468409,8.08E-07
8.636046104,-8.08E-07
8.643628234,8.08E-07
8.651214801,-8.08E-07
8.658805805,8.08E-07
8.666401249,-8.08E-07
8.674001133,8.08E-07
8.681605459,-8.08E-07
8.689214228,8.08E-07
8.696827442,-8.08E-07
8.704445101,8.08E-07
8.712067207,-8.08E-07
8.719693761,8.08E-07
8.727324765,-8.08E-07
8.73496022,8.08E-07
8.742600127,-8.08E-07
8.750244487,8.07E-07
8.757893302,-8.07E-07
8.765546573,8.07E-07
8.773204302,-8.07E-07
8.780866489,8.07E-07
8.788533136,-8.07E-07
8.796204244,8.07E-07
8.803879815,-8.07E-07
8.81155985,8.07E-07
8.81924435,-8.07E-07
8.826933316,8.07E-07
8.83462675,-8.07E-07
8.842324653,8.07E-07
8.850027027,-8.07E-07
8.857733872,8.07E-07
8.86544519,-8.07E-07
8.873160982,8.07E-07
8.880881249,-8.07E-07
8.888605994,8.07E-07
8.896335216,-8.07E-07
8.904068919,8.07E-07
8.911807101,-8.07E-07
8.919549766,8.07E-07
8.927296914,-8.07E-07
8.935048547,8.07E-07
8.942804665,-8.07E-07
8.950565271,8.07E-07
8.958330365,-8.07E-07
8.966099949,8.07E-07
8.973874024,-8.07E-07
8.981652592,8.07E-07
8.989435653,-8.07E-07
8.997223209,8.07E-07
9,-8.07E-07
9.000000001,2.70E-06
9.000001,1.26E-04
9.000001001,1.23E-04
9.005554583,1.05E-09
9.005975488,4.05E-10
9.00641909,4.04E-10
9.007306295,4.05E-10
9.009080705,4.04E-10
9.012044729,4.05E-10
9.015406308,4.04E-10
9.019120559,4.05E-10
9.023528611,4.04E-10
9.028787113,4.05E-10
9.034904007,4.04E-10
9.041941971,4.05E-10
9.049736749,4.04E-10
9.057536005,4.05E-10
9.065339741,4.04E-10
9.073147958,4.05E-10
9.080960657,4.04E-10
9.08877784,4.05E-10
9.096599507,4.04E-10
9.104425661,4.05E-10
9.112256302,4.04E-10
9.120091433,4.05E-10
9.127931053,4.04E-10
9.135775164,4.05E-10
9.143623768,4.04E-10
9.151476866,4.05E-10
9.159334459,4.04E-10
9.167196549,4.05E-10
9.175063137,4.04E-10
9.182934223,4.05E-10
9.19080981,4.04E-10
9.198689898,4.05E-10
9.20657449,4.04E-10
9.214463585,4.05E-10
9.222357186,4.04E-10
9.230255294,4.05E-10
9.23815791,4.04E-10
9.246065035,4.05E-10
9.253976671,4.04E-10
9.261892818,4.05E-10
9.269813479,4.04E-10
9.277738655,4.05E-10
9.285668346,4.04E-10
9.293602554,4.05E-10
9.301541281,4.04E-10
9.309484527,4.05E-10
9.317432294,4.04E-10
9.325384583,4.05E-10
9.333341396,4.04E-10
9.341302734,4.05E-10
9.349268597,4.04E-10
9.357238988,4.05E-10
9.365213908,4.04E-10
9.373193357,4.05E-10
9.381177338,4.04E-10
9.389165851,4.05E-10
9.397158898,4.04E-10
9.40515648,4.05E-10
9.413158599,4.04E-10
9.421165255,4.05E-10
9.42917645,4.04E-10
9.437192185,4.05E-10
9.445212461,4.04E-10
9.453237281,4.05E-10
9.461266644,4.04E-10
9.469300553,4.05E-10
9.477339009,4.04E-10
9.485382012,4.05E-10
9.493429565,4.04E-10
9.500001,4.05E-10
9.500001001,-3.48E-06
9.500002001,-1.25E-04
9.500002002,-1.22E-04
9.500002039,-6.16E-05
9.500002095,-2.51E-05
9.500002207,4.59E-06
9.500002431,-2.23E-06
9.50000274,1.34E-06
9.500003358,-1.04E-06
9.500004594,9.16E-07
9.500007066,-8.60E-07
9.50001201,8.34E-07
9.500021897,-8.21E-07
9.500041673,8.14E-07
9.500081224,-8.11E-07
9.500160325,8.10E-07
9.500318528,-8.09E-07
9.500634934,8.08E-07
9.501267746,-8.08E-07
9.50253337,8.08E-07
9.505064618,-8.08E-07
9.510127113,8.08E-07
9.517134742,-8.08E-07
9.523986801,8.08E-07
9.530694873,-8.08E-07
9.537882836,8.08E-07
9.545767492,-8.08E-07
9.553800396,8.08E-07
9.561837805,-8.08E-07
9.569879721,8.08E-07
9.577926144,-8.08E-07
9.585977077,8.08E-07
9.59403252,-8.08E-07
9.602092474,8.08E-07
9.610156942,-8.08E-07
9.618225923,8.08E-07
9.62629942,-8.08E-07
9.634377433,8.08E-07
9.642459965,-8.08E-07
9.650547015,8.08E-07
9.658638586,-8.08E-07
9.666734679,8.08E-07
9.674835295,-8.08E-07
9.682940435,8.08E-07
9.6910501,-8.08E-07
9.699164292,8.08E-07
9.707283012,-8.08E-07
9.715406262,8.08E-07
9.723534042,-8.08E-07
9.731666353,8.08E-07
9.739803198,-8.08E-07
9.747944577,8.08E-07
9.756090492,-8.08E-07
9.764240943,8.08E-07
9.772395933,-8.08E-07
9.780555462,8.08E-07
9.788719532,-8.08E-07
9.796888143,8.08E-07
9.805061298,-8.08E-07
9.813238997,8.08E-07
9.821421242,-8.07E-07
9.829608034,8.07E-07
9.837799374,-8.07E-07
9.845995263,8.07E-07
9.854195704,-8.07E-07
9.862400696,8.07E-07
9.870610241,-8.07E-07
9.878824341,8.07E-07
9.887042997,-8.07E-07
9.89526621,8.07E-07
9.903493981,-8.07E-07
9.911726312,8.07E-07
9.919963204,-8.07E-07
9.928204658,8.07E-07
9.936450675,-8.07E-07
9.944701257,8.07E-07
9.952956404,-8.07E-07
9.961216119,8.07E-07
9.969480403,-8.07E-07
9.977749256,8.07E-07
9.986022679,-8.07E-07
9.994300676,8.07E-07
10,-8.07E-07
